obra_id,superficie_m2,tipo_trabajo,espesor_cm,densidad_suelo,tierra_teorica_kg,tipo_suelo,pendiente_pct,nivelacion,accesibilidad,operarios,experiencia_operarios,lluvia_previa_mm,estacion,tierra_pedida_kg,tierra_sobrante_kg,tierra_consumida_real_kg,margen_necesario_pct
1,251.0,renovacion,7.9,1262.8,25040.06,arcilloso,4.3,5.0,5.0,3.0,4.5,1.5,otoño,27476.07,240.0,27236.07,8.77
2,340.2,ampliacion,9.9,1446.9,48731.3,arenoso,9.5,4.0,3.0,,3.7,4.1,verano,48415.81,0.0,50807.25,4.26
3,,instalacion,4.1,1259.5,11386.51,arcilloso,7.7,5.0,3.0,4.0,7.3,1.7,primavera,11298.4,,11516.32,1.14
4,197.4,instalacion,3.6,1415.0,10055.56,,0.9,3.0,,5.0,4.7,8.8,verano,10869.0,124.63,10744.37,6.85
5,369.5,ampliacion,7.7,1428.0,40628.74,mixto,5.1,5.0,2.0,5.0,13.9,12.8,verano,40696.71,0.0,40803.44,0.43
6,210.4,renovacion,5.4,1372.5,15593.8,arcilloso,1.3,4.0,5.0,5.0,4.7,1.2,invierno,16242.27,0.0,16428.07,5.35
7,281.5,renovacion,3.5,1458.9,14373.81,arcilloso,3.1,4.0,3.0,4.0,6.5,7.1,verano,14442.9,0.0,14955.95,4.05
8,13.135,ampliacion,6.3,1287.3,21304.94,arcilloso,1.1,1.0,5.0,,8.0,27.1,invierno,23419.66,0.0,23433.3,9.99
9,369.3,renovacion,8.3,1464.5,44889.71,mixto,1.2,3.0,3.0,2.0,1.7,34.0,verano,48046.8,504.11,47542.69,5.91
10,172.7,instalacion,5.0,1418.8,12251.34,,6.7,4.0,3.0,1.0,3.9,21.3,invierno,12368.64,0.0,12398.36,1.2
11,455.5,instalacion,5.3,1439.6,34754.1,arcilloso,6.2,4.0,3.0,1.0,20.0,0.1,primavera,34754.53,0.0,35483.94,2.1
12,140.7,instalacion,8.9,1399.4,17523.71,arcilloso,4.7,5.0,3.0,6.0,11.2,11.7,primavera,17191.68,0.0,17760.28,1.35
13,294.3,instalacion,6.6,1453.9,28240.26,arenoso,2.9,2.0,1.0,4.0,4.6,29.8,primavera,30075.55,0.0,31036.05,9.9
14,271.0,renovacion,8.9,1497.9,36127.85,mixto,1.0,2.0,1.0,2.0,10.1,6.3,primavera,37543.02,0.0,37562.13,3.97
15,130.7,ampliacion,6.1,1326.0,10571.8,arenoso,3.1,5.0,3.0,6.0,13.8,2.3,invierno,10430.59,130.49,10300.1,-2.57
16,311.4,instalacion,9.7,1444.2,43623.22,arenoso,6.2,5.0,3.0,2.0,5.2,0.0,otoño,44856.26,0.0,45765.12,4.91
17,182.9,instalacion,7.6,1423.4,19785.83,mixto,6.1,1.0,3.0,,10.9,31.5,otoño,19619.49,0.0,20838.44,5.32
18,97.5,ampliacion,3.8,1335.9,4949.51,mixto,13.8,2.0,3.0,,9.8,10.5,verano,5089.3,32.88,5056.42,2.16
19,338.7,instalacion,9.2,1478.1,46058.19,arenoso,12.3,5.0,,1.0,2.2,0.1149999999999999,otoño,48699.2,0.0,50304.76,9.22
20,67.9,renovacion,6.4,1318.3,5728.8,arenoso,4.9,1.0,4.0,2.0,5.2,0.9,otoño,6072.6,90.01,5982.59,4.43
21,113.6,renovacion,,1369.6,6223.46,arenoso,3.1,4.0,4.0,2.0,17.1,14.7,invierno,6104.61,0.0,6222.22,-0.02
22,218.6,renovacion,4.1,1231.8,11040.13,arcilloso,2.2,1.0,1.0,,19.9,5.2,otoño,11419.3,0.0,11835.02,7.2
23,367.7,instalacion,7.8,1267.7,36358.4,arenoso,0.8,1.0,3.0,1.0,11.3,9.8,otoño,38348.83,0.0,38456.28,5.77
24,324.7,renovacion,3.3,1452.2,15560.47,mixto,1.4,4.0,4.0,2.0,3.8,8.8,primavera,16913.03,797.05,16115.98,3.57
25,248.2,instalacion,5.0,1319.0,16368.79,mixto,6.2,4.0,4.0,4.0,0.6,3.8,invierno,16951.51,252.07,16699.44,2.02
26,48.5,renovacion,4.0,1318.2,2557.31,arcilloso,8.2,3.0,2.0,3.0,3.4,0.8,primavera,2711.17,,2746.81,7.41
27,135.6,instalacion,6.1,1273.8,10536.36,arcilloso,,5.0,5.0,4.0,2.0,6.5,verano,10912.51,48.47,10864.04,3.11
28,160.3,renovacion,5.9,1347.5,12744.25,arenoso,25.0,2.0,4.0,4.0,18.0,12.2,invierno,13310.64,0.0,14031.42,10.1
29,93.6,renovacion,6.7,1441.7,9041.19,arenoso,1.4,3.0,3.0,6.0,1.1,12.7,primavera,9072.97,0.0,9397.41,3.94
30,36.2,instalacion,5.0,1468.5,2657.99,mixto,0.7,4.0,4.0,,2.3,,primavera,2611.02,0.0,2811.36,5.77
31,226.3,instalacion,3.2,1221.0,8841.99,arenoso,24.9,4.0,5.0,2.0,7.2,31.0,verano,9567.06,265.29,9301.77,5.2
32,331.7,instalacion,7.3,1372.4,33231.43,arenoso,1.0,2.0,2.0,5.0,6.2,2.6,verano,35562.91,,34663.7,4.31
33,150.7,instalacion,5.6,1340.2,11310.22,arenoso,3.7,4.0,1.0,4.0,16.6,25.3,invierno,11457.45,107.64,11349.81,0.35
34,364.5,instalacion,7.6,1384.3,38347.88,arenoso,2.4,,3.0,4.0,9.4,11.8,invierno,38495.05,124.16,38370.89,0.06
35,60.3,ampliacion,3.8,1334.2,3057.19,arcilloso,6.6,3.0,1.0,5.0,5.5,6.6,verano,3079.79,0.0,3249.18,6.28
36,88.7,instalacion,3.1,1319.6,3628.5,mixto,3.4,5.0,5.0,1.0,14.1,16.5,invierno,3457.35,0.0,3477.19,-4.17
37,222.9,ampliacion,4.7,1341.6,14055.0,mixto,8.2,2.0,5.0,3.0,4.5,8.2,otoño,15060.95,522.46,14538.49,3.44
38,140.8,ampliacion,6.2,1374.6,11999.71,arcilloso,9.7,4.0,4.0,5.0,17.5,1.5,,12210.03,33.92,12176.11,1.47
39,313.4,instalacion,5.8,1350.3,24544.67,mixto,0.8,5.0,5.0,6.0,3.0,2.4,primavera,24445.2,0.0,24824.48,1.14
40,279.4,renovacion,8.7,1341.6,32611.34,arcilloso,2.1,4.0,1.0,1.0,6.0,7.7,verano,33516.2,0.0,35168.07,7.84
41,148.9,ampliacion,5.6,1445.4,12052.32,mixto,8.7,5.0,4.0,3.0,0.7,5.7,primavera,12678.56,383.99,12294.57,2.01
42,66.1,renovacion,6.7,1423.7,6305.14,arcilloso,11.2,3.0,3.0,2.0,11.7,24.8,primavera,6718.29,0.0,6867.56,8.92
43,135.7,instalacion,7.2,1302.4,12724.97,arenoso,5.6,2.0,2.0,2.0,6.9,5.4,otoño,13011.13,0.0,13610.63,6.96
44,,instalacion,3.2,1440.2,13093.15,mixto,7.0,5.0,2.0,1.0,17.5,5.0,primavera,12790.61,0.0,13093.15,0.0
45,321.8,instalacion,6.6,1456.1,30925.82,arenoso,14.4,4.0,3.0,4.0,5.1,4.2,verano,30968.64,0.0,32206.15,4.14
46,141.3,renovacion,5.4,1246.0,9507.23,arenoso,3.5,2.0,4.0,5.0,1.7,3.8,otoño,9723.26,0.0,9773.43,2.8
47,35.9,ampliacion,5.9,1374.8,2911.96,arenoso,5.6,2.0,1.0,4.0,8.6,,primavera,3005.95,2.55,3003.4,3.14
48,57.1,ampliacion,3.7,1285.6,2716.09,arcilloso,12.3,2.0,4.0,3.0,4.0,1.9,verano,2815.6,0.0,2853.52,5.06
49,268.5,instalacion,8.5,1421.8,32449.03,arcilloso,12.9,5.0,5.0,5.0,10.6,12.3,otoño,34975.28,511.17,34464.11,6.21
50,146.9,renovacion,9.6,1271.6,17932.61,arcilloso,4.4,1.0,1.0,4.0,3.1,9.0,invierno,19853.29,0.0,20579.46,14.76
51,149.7,instalacion,3.2,1401.4,6713.27,mixto,2.2,4.0,5.0,6.0,15.5,8.6,primavera,6648.28,187.43,6460.85,-3.76
52,,ampliacion,7.2,1276.5,8032.76,arenoso,4.4,3.0,4.0,3.0,6.5,1.0,invierno,8124.15,0.0,8197.43,2.05
53,86.0,instalacion,8.3,1353.3,9659.86,arcilloso,,1.0,2.0,2.0,5.6,15.2,invierno,11285.67,660.79,10624.88,9.99
54,360.5,ampliacion,5.0,1484.6,26759.92,arenoso,2.1,4.0,4.0,3.0,14.8,16.7,otoño,26090.8,0.0,26363.87,-1.48
55,275.1,ampliacion,8.5,1314.4,30735.27,mixto,2.4,4.0,4.0,4.0,11.8,37.5,verano,31205.33,0.0,31970.83,4.02
56,121.4,instalacion,7.4,1462.7,13140.31,arenoso,12.9,4.0,4.0,3.0,3.4,15.8,otoño,13311.97,0.0,13709.29,4.33
57,211.4,instalacion,9.5,1496.1,30046.18,arenoso,7.3,3.0,1.0,5.0,11.6,43.8,invierno,32419.22,0.0,33204.03,10.51
58,238.3,ampliacion,9.9,1462.5,34502.86,arcilloso,,2.0,1.0,1.0,10.0,4.7,verano,36892.72,0.0,38515.54,11.63
59,564.9,instalacion,3.3,1249.8,23298.4,mixto,1.6,1.0,4.0,4.0,5.8,,invierno,25001.77,0.0,25059.76,7.56
60,,renovacion,6.1,1445.9,7029.53,mixto,2.5,1.0,2.0,3.0,10.9,16.3,invierno,7214.1,0.0,7572.91,7.73
61,236.1,ampliacion,6.8,1209.6,19419.89,arcilloso,0.6,2.0,2.0,2.0,15.4,14.5,verano,20670.75,0.0,20721.02,6.7
62,359.3,renovacion,4.0,1318.0,18942.3,mixto,5.8,4.0,3.0,4.0,5.9,8.4,otoño,18957.97,0.0,19775.76,4.4
63,523.1,instalacion,5.4,1461.2,41275.1,arcilloso,2.3,1.0,4.0,5.0,5.9,6.6,verano,43499.36,0.0,43912.58,6.39
64,116.4,instalacion,9.9,1406.6,16209.1,arenoso,6.2,5.0,1.0,4.0,5.7,5.1,otoño,17468.11,95.2,17372.91,7.18
65,145.5,instalacion,3.1,1359.8,6133.38,arenoso,8.7,3.0,5.0,1.0,3.3,40.3,invierno,6731.57,311.76,6419.81,4.67
66,,ampliacion,6.2,1316.4,25741.94,arenoso,6.2,2.0,3.0,1.0,5.9,8.1,primavera,26288.85,0.0,27252.99,5.87
67,47.7,instalacion,8.9,1443.7,6128.94,arenoso,3.3,5.0,1.0,3.0,5.4,16.6,primavera,6308.89,0.0,6402.9,4.47
68,252.6,instalacion,5.3,1412.9,18915.62,arcilloso,2.0,1.0,1.0,5.0,,20.1,verano,21035.66,0.0,21633.79,14.37
69,696.2,instalacion,6.4,1340.5,59728.39,arcilloso,1.3,5.0,5.0,2.0,5.1,19.8,invierno,59241.77,0.0,60707.94,1.64
70,271.3,ampliacion,9.8,1467.7,39022.33,arcilloso,12.0,2.0,1.0,2.0,2.3,12.3,verano,45000.65,0.0,45831.73,17.45
71,20.0,instalacion,6.3,1269.0,1598.94,arcilloso,,2.0,3.0,6.0,12.6,38.6,invierno,1782.03,31.35,1750.68,9.49
72,98.6,ampliacion,3.9,1251.1,4810.98,mixto,3.5,3.0,4.0,1.0,3.9,15.4,verano,4819.86,0.0,4883.63,1.51
73,119.4,renovacion,3.4,1392.8,5654.21,mixto,7.8,5.0,3.0,1.0,16.0,5.0,primavera,5931.96,329.77,5602.19,-0.92
74,414.8,ampliacion,9.6,1491.6,59396.71,arenoso,10.5,2.0,2.0,1.0,2.8,6.9,invierno,63345.19,307.46,63037.73,6.13
75,176.4,ampliacion,4.9,1274.2,11013.68,arenoso,2.4,5.0,,6.0,18.5,1.1,otoño,10818.02,0.0,11130.43,1.06
76,36.6,ampliacion,6.5,1274.9,3032.99,arcilloso,5.8,2.0,4.0,3.0,4.7,13.7,verano,3203.27,0.0,3241.96,6.89
77,191.8,ampliacion,3.6,1241.8,8574.38,arcilloso,,,3.0,1.0,11.7,17.9,primavera,8945.7,0.0,9214.89,7.47
78,220.9,instalacion,6.0,1458.2,19326.98,arenoso,14.0,,1.0,2.0,6.9,19.3,primavera,21237.95,357.08,20880.87,8.04
79,132.2,renovacion,9.5,1267.9,15923.56,arenoso,3.4,4.0,1.0,6.0,2.0,16.3,primavera,16154.44,0.0,17009.55,6.82
80,84.6,renovacion,6.5,1351.0,7429.15,mixto,1.9,2.0,3.0,5.0,2.1,8.4,verano,7549.88,0.0,7903.87,6.39
81,3721.0,renovacion,9.8,1497.3,109200.48,arcilloso,6.4,1.0,1.0,2.0,3.6,10.2,otoño,120801.02,0.0,122435.58,12.12
82,360.1,ampliacion,4.8,1203.6,20803.99,,8.3,2.0,2.0,2.0,4.5,10.2,,22160.18,191.17,21969.01,5.6
83,381.8,ampliacion,6.5,1366.9,33922.36,arcilloso,5.4,3.0,1.0,1.0,6.1,24.8,primavera,40169.62,823.07,39346.55,15.99
84,176.7,renovacion,9.0,1353.7,21527.89,mixto,14.7,1.0,4.0,5.0,8.0,,primavera,24301.28,687.34,23613.94,9.69
85,917.6,renovacion,6.1,1442.2,10090.64,arenoso,3.4,1.0,4.0,1.0,5.5,6.1,verano,10718.1,50.28,10667.82,5.72
86,137.5,renovacion,5.0,1306.6,8982.88,mixto,5.6,5.0,4.0,2.0,7.7,2.9,invierno,8962.01,0.0,8980.19,-0.03
87,60.2,instalacion,9.0,1323.1,7168.56,arenoso,0.9,1.0,1.0,3.0,8.6,51.8,verano,7864.01,56.73,7807.28,8.91
88,557.9,instalacion,5.7,1250.4,39763.1,arcilloso,1.8,3.0,2.0,4.0,5.3,29.2,primavera,42279.65,0.0,43592.29,9.63
89,182.2,instalacion,6.7,1422.2,17361.36,arcilloso,2.4,4.0,2.0,4.0,9.9,6.4,otoño,17187.69,0.0,17995.05,3.65
90,478.2,instalacion,9.8,1435.4,67268.01,arenoso,4.0,2.0,4.0,5.0,11.4,1.6,invierno,70064.89,213.79,69851.1,3.84
91,142.9,instalacion,4.3,1241.0,7625.57,mixto,1.1,3.0,5.0,2.0,8.8,2.4,otoño,7300.32,0.0,7480.68,-1.9
92,274.0,renovacion,5.1,1318.0,18417.73,arcilloso,7.7,1.0,2.0,3.0,9.1,24.5,invierno,19825.9,0.0,20248.45,9.94
93,229.8,instalacion,,1467.9,10794.35,mixto,2.2,4.0,4.0,3.0,7.2,1.1,invierno,10880.03,25.23,10854.8,0.56
94,54.1,ampliacion,5.7,1200.8,3702.91,arenoso,22.1,4.0,3.0,1.0,13.4,10.3,otoño,3872.64,13.84,3858.8,4.21
95,603.5,renovacion,4.4,1289.6,34244.04,mixto,2.3,5.0,5.0,5.0,6.2,21.2,invierno,35668.75,780.92,34887.83,1.88
96,146.3,instalacion,7.8,,15593.68,mixto,5.1,5.0,1.0,4.0,3.7,2.1,primavera,16472.48,214.51,16257.97,4.26
97,72.8,instalacion,4.3,1300.2,4070.15,arcilloso,4.5,2.0,5.0,3.0,6.3,10.2,invierno,4151.71,5.45,4146.26,1.87
98,317.1,instalacion,7.7,1281.6,31292.44,arenoso,1.6,1.0,3.0,6.0,2.0,6.5,invierno,32661.1,0.0,33501.69,7.06
99,199.2,ampliacion,4.8,1338.0,12793.42,mixto,4.0,2.0,,2.0,1.8,5.6,invierno,13191.44,0.0,13284.69,3.84
100,257.0,instalacion,,1254.5,17732.36,arcilloso,3.9,1.0,1.0,6.0,11.5,4.5,verano,18762.78,0.0,19331.82,9.02
101,214.4,renovacion,5.4,1358.9,15732.8,mixto,9.7,3.0,5.0,5.0,16.2,22.7,otoño,15973.24,0.0,16063.19,2.1
102,167.2,ampliacion,8.0,1412.0,2360.86,arcilloso,6.6,1.0,,2.0,4.8,34.5,primavera,2827.85,88.54,2739.31,16.03
103,95.7,ampliacion,6.3,1372.6,8275.54,arenoso,7.6,5.0,1.0,5.0,11.6,7.7,otoño,8579.09,0.0,8609.87,4.04
104,92.5,instalacion,5.5,1227.9,6246.94,arenoso,9.5,4.0,3.0,5.0,0.9,14.5,verano,6485.97,55.99,6429.98,2.93
105,378.1,instalacion,9.0,1453.3,49454.35,mixto,7.7,2.0,4.0,3.0,8.8,10.5,otoño,49001.89,0.0,50003.29,1.11
106,204.8,instalacion,7.0,1252.5,17955.84,mixto,5.8,5.0,3.0,3.0,6.2,0.6,otoño,18455.6,445.89,18009.71,0.3
107,285.6,instalacion,,1429.4,18370.65,arenoso,2.4,4.0,1.0,6.0,,7.4,verano,18467.57,354.11,18113.46,-1.4
108,153.4,instalacion,9.3,1308.2,18663.04,,5.5,3.0,2.0,1.0,5.6,0.4,primavera,20270.4,0.0,20387.5,9.24
109,295.5,renovacion,5.4,1434.8,22895.1,mixto,1.9,1.0,2.0,1.0,2.6,5.9,verano,24637.53,0.0,24859.5,8.58
110,177.0,ampliacion,3.3,1261.9,7370.76,arenoso,4.3,2.0,2.0,4.0,1.6,9.9,otoño,8042.66,120.57,7922.09,7.48
111,167.3,renovacion,6.5,1256.0,13658.37,arenoso,3.8,3.0,5.0,6.0,6.3,19.7,otoño,14379.37,348.13,14031.24,2.73
112,228.6,renovacion,3.9,1349.1,12027.77,mixto,4.0,4.0,2.0,4.0,7.2,13.3,otoño,12412.88,2.63,12410.25,3.18
113,214.3,instalacion,4.7,1209.9,12186.23,arcilloso,1.1,2.0,4.0,1.0,5.3,23.3,primavera,12899.56,0.0,13162.35,8.01
114,898.4,ampliacion,8.2,1267.6,93382.57,arenoso,0.0,4.0,5.0,4.0,11.7,3.6,,96679.12,1793.09,94886.03,1.61
115,94.8,renovacion,3.9,1417.2,5239.67,mixto,3.2,2.0,4.0,2.0,15.1,31.0,otoño,5331.55,0.0,5456.59,4.14
116,48.2,ampliacion,8.6,1451.2,6015.51,arcilloso,11.3,2.0,4.0,5.0,4.8,34.6,primavera,6457.9,0.0,6679.02,11.03
117,253.0,ampliacion,9.6,1224.2,29733.37,mixto,5.0,5.0,1.0,4.0,1.1,1.0,verano,32535.53,0.0,33176.49,11.58
118,107.0,instalacion,7.2,1464.6,11283.28,mixto,10.7,,1.0,3.0,7.7,,verano,11518.5,0.0,12173.53,7.89
119,20.0,instalacion,8.0,1439.3,2302.88,mixto,1.9,3.0,4.0,4.0,13.5,5.4,verano,2365.56,,2318.08,0.66
120,76.4,instalacion,8.0,1460.9,8929.02,arcilloso,3.0,2.0,4.0,5.0,4.8,6.4,primavera,8852.58,0.0,9117.42,2.11
121,775.3,instalacion,9.9,1409.5,108185.75,arenoso,23.0,2.0,4.0,5.0,9.1,13.2,primavera,117656.56,0.0,119361.34,10.33
122,,ampliacion,5.4,1402.2,7011.56,arcilloso,2.1,4.0,3.0,3.0,2.4,24.1,primavera,7477.84,0.0,7642.6,9.0
123,32.6,instalacion,4.1,1357.5,1814.43,arenoso,7.5,2.0,3.0,4.0,7.6,3.4,primavera,1870.83,1.06,1869.77,3.05
124,744.4,renovacion,6.6,1395.8,68576.21,mixto,7.5,4.0,1.0,1.0,9.2,27.6,,71125.59,0.0,72526.2,5.76
125,73.7,renovacion,6.7,1475.7,7286.86,arenoso,6.8,4.0,2.0,3.0,7.7,4.4,invierno,7435.16,0.0,7508.38,3.04
126,1000.0,instalacion,4.2,1230.2,51668.4,arcilloso,7.6,4.0,3.0,3.0,20.0,57.4,verano,55470.24,0.0,56199.72,8.77
127,148.2,instalacion,7.3,1294.7,14006.84,arenoso,2.0,2.0,1.0,4.0,16.1,31.2,verano,14477.74,0.0,14823.44,5.83
128,605.1,renovacion,3.1,1221.7,22916.77,arenoso,3.3,5.0,,6.0,10.3,5.0,otoño,22876.94,0.0,23352.19,1.9
129,164.4,renovacion,9.5,1483.4,23167.74,arenoso,14.3,2.0,1.0,,12.7,1.6,verano,25369.69,445.84,24923.85,7.58
130,275.2,instalacion,4.9,1333.6,17983.33,arcilloso,7.5,2.0,2.0,3.0,7.5,4.9,primavera,18464.39,0.0,19558.67,8.76
131,180.0,instalacion,3.3,1402.6,8331.44,mixto,2.4,5.0,5.0,4.0,,4.1,primavera,8163.54,0.0,8166.48,-1.98
132,165.3,renovacion,3.8,,9122.48,arenoso,2.0,2.0,4.0,1.0,4.4,17.6,primavera,9331.89,0.0,9469.13,3.8
133,238.2,instalacion,4.7,1497.3,16762.87,mixto,,4.0,5.0,3.0,2.4,0.4,otoño,17330.71,73.34,17257.37,2.95
134,282.3,ampliacion,,1248.5,17270.13,mixto,2.2,1.0,2.0,5.0,16.6,1.0,verano,16914.99,0.0,17543.0,1.58
135,225.1,instalacion,3.2,1439.9,10371.89,arenoso,2.4,4.0,3.0,5.0,20.0,17.1,,10186.03,0.0,10310.7,-0.59
136,208.3,instalacion,5.0,1466.2,15270.47,mixto,1.5,5.0,5.0,6.0,6.4,3.9,otoño,14666.16,40.1,14626.06,-4.22
137,107.7,renovacion,4.4,1214.7,5756.22,arcilloso,8.7,4.0,2.0,3.0,6.5,6.0,invierno,6190.42,142.36,6048.06,5.07
138,185.3,renovacion,,1426.2,15063.67,arenoso,10.5,3.0,4.0,6.0,9.5,21.1,,15204.62,122.87,15081.75,0.12
139,556.2,renovacion,5.7,,41417.32,,3.8,5.0,4.0,6.0,5.6,,verano,42454.67,,44030.75,6.31
140,103.5,instalacion,5.4,,7794.42,arenoso,10.6,2.0,5.0,4.0,2.7,29.9,verano,8189.93,0.0,8430.44,8.16
141,,ampliacion,5.3,1354.2,17455.1,mixto,6.3,2.0,5.0,1.0,2.0,19.5,otoño,18735.88,291.08,18444.8,5.67
142,447.1,renovacion,3.6,1277.9,20568.57,mixto,1.4,1.0,4.0,,20.0,8.1,otoño,20616.16,0.0,21387.2,3.98
143,284.0,renovacion,3.2,1240.6,11274.57,mixto,13.6,4.0,3.0,5.0,1.3,7.4,otoño,12068.25,0.0,12418.94,10.15
144,380.8,instalacion,4.4,1235.1,20694.35,arcilloso,1.5,4.0,5.0,4.0,8.0,6.5,primavera,21168.67,,21201.36,2.45
145,72.6,instalacion,8.3,1231.0,7417.76,arcilloso,4.1,4.0,4.0,6.0,1.5,16.8,verano,7606.84,0.0,7781.97,4.91
146,243.7,renovacion,9.9,1391.3,33566.92,mixto,3.8,4.0,2.0,,5.8,3.2,invierno,37260.75,2106.11,35154.64,4.73
147,158.1,instalacion,9.5,1305.4,19606.46,arenoso,3.2,1.0,4.0,1.0,4.8,26.7,,20517.28,0.0,21096.55,7.6
148,163.4,renovacion,6.5,1265.0,13435.56,arenoso,0.4,4.0,3.0,6.0,1.8,4.4,invierno,13933.35,79.94,13853.41,3.11
149,525.5,instalacion,,1407.6,49559.48,arcilloso,19.7,4.0,2.0,3.0,9.7,2.1,verano,51975.27,0.0,53073.25,7.09
150,165.5,ampliacion,5.2,1406.1,12100.9,arenoso,0.5,2.0,3.0,5.0,2.5,28.6,verano,12937.42,0.0,13030.25,7.68
151,249.4,renovacion,8.4,1361.8,28529.17,arenoso,14.2,3.0,4.0,4.0,1.6,12.4,verano,31682.33,340.18,31342.15,9.86
152,,ampliacion,8.4,1480.5,4054.2,arenoso,1.9,5.0,5.0,3.0,10.5,41.0,verano,3916.5,0.0,3965.82,-2.18
153,604.7,renovacion,8.9,1315.6,70803.36,arcilloso,2.6,3.0,3.0,1.0,4.8,37.5,invierno,78538.93,0.0,78959.91,11.52
154,365.9,instalacion,9.3,1450.8,49368.84,arenoso,13.2,4.0,1.0,1.0,3.4,,primavera,50780.37,0.0,52716.05,6.78
155,190.6,ampliacion,6.0,1222.5,13980.51,arenoso,6.9,3.0,5.0,4.0,10.9,9.0,otoño,13853.85,0.0,14271.3,2.08
156,152.5,renovacion,8.4,1421.9,18214.54,arenoso,1.0,4.0,3.0,4.0,2.4,2.9,otoño,19731.57,265.69,19465.88,6.87
157,304.5,renovacion,8.6,1496.5,39188.85,arcilloso,0.9,4.0,2.0,4.0,1.2,2.9,,43062.22,0.0,44518.53,13.6
158,443.5,instalacion,5.2,1454.0,33532.15,mixto,6.1,4.0,4.0,1.0,14.4,6.2,otoño,31855.54,0.0,33418.14,-0.34
159,610.1,renovacion,9.5,1373.9,79630.56,arenoso,1.5,4.0,2.0,4.0,19.2,18.0,invierno,84859.71,3126.9,81732.81,2.64
160,357.6,ampliacion,3.7,1388.0,18364.91,mixto,7.2,5.0,2.0,1.0,5.7,18.1,invierno,18666.33,0.0,19147.26,4.26
161,210.5,renovacion,10.0,1306.0,27491.3,mixto,7.8,2.0,5.0,1.0,5.6,,verano,28515.37,0.0,29121.53,5.93
162,395.8,instalacion,8.4,1403.8,46672.42,arenoso,2.1,5.0,1.0,3.0,11.4,8.1,invierno,47907.29,2056.3,45850.99,-1.76
163,347.3,renovacion,3.7,1431.1,18389.78,mixto,2.8,4.0,3.0,4.0,13.4,19.0,,18461.31,0.0,18542.42,0.83
164,211.1,renovacion,7.6,1499.5,24057.38,,6.3,3.0,2.0,4.0,2.6,2.0,primavera,24482.3,0.0,24673.25,2.56
165,340.3,ampliacion,3.2,1347.7,14675.91,arcilloso,2.0,2.0,5.0,6.0,5.0,12.6,otoño,14861.28,0.0,15524.18,5.78
166,335.9,instalacion,8.4,1218.4,34377.89,arenoso,5.0,3.0,1.0,6.0,7.5,10.3,primavera,34357.72,0.0,36089.91,4.98
167,189.8,instalacion,8.6,1378.8,22505.88,arenoso,24.0,4.0,4.0,3.0,10.9,7.5,otoño,24119.92,0.0,24556.17,9.11
168,130.0,ampliacion,7.2,1235.7,578.3075,mixto,6.5,2.0,3.0,5.0,10.1,13.1,primavera,12161.71,50.79,12110.92,4.71
169,315.9,renovacion,9.0,1273.4,36204.04,mixto,3.3,2.0,5.0,1.0,9.0,3.0,otoño,37176.07,255.19,36920.88,1.98
170,4.025,renovacion,3.7,1298.6,3867.88,mixto,21.1,5.0,3.0,6.0,13.4,16.7,verano,3963.55,0.0,4032.26,4.25
171,64.5,renovacion,4.9,1419.3,4485.7,mixto,9.2,3.0,5.0,3.0,6.0,10.0,otoño,4484.73,2.62,4482.11,-0.08
172,252.3,instalacion,5.9,1255.1,18683.04,arenoso,1.5,4.0,1.0,5.0,16.7,1.2,primavera,17748.89,0.0,18466.32,-1.16
173,309.9,renovacion,3.3,1249.7,12780.31,mixto,1.9,1.0,4.0,6.0,4.0,9.7,otoño,13778.22,135.24,13642.98,6.75
174,251.0,instalacion,6.1,1213.5,18579.9,arcilloso,0.6,1.0,1.0,5.0,10.2,5.5,verano,19734.04,0.0,19938.09,7.31
175,271.2,instalacion,4.9,1462.0,19428.23,mixto,6.2,5.0,4.0,6.0,4.5,27.3,otoño,20953.91,822.38,20131.53,3.62
176,306.2,renovacion,5.7,1408.1,24576.13,arenoso,0.3,1.0,1.0,1.0,5.7,2.3,verano,25349.65,0.0,25578.84,4.08
177,526.9,renovacion,6.0,1212.0,38316.17,arenoso,21.1,4.0,5.0,2.0,6.4,2.4,primavera,38947.44,0.0,40431.22,5.52
178,361.9,ampliacion,9.2,1208.5,40236.77,mixto,3.6,5.0,4.0,4.0,4.3,14.8,verano,41120.77,0.0,41234.64,2.48
179,354.4,instalacion,4.9,1367.6,23749.19,mixto,9.6,3.0,1.0,4.0,13.8,8.4,invierno,24570.48,0.0,25064.9,5.54
180,238.3,instalacion,9.3,1284.8,28473.61,arcilloso,3.3,5.0,5.0,1.0,4.7,8.0,primavera,30045.62,0.0,30082.37,5.65
181,244.9,ampliacion,6.0,1379.0,20263.03,arenoso,6.1,3.0,2.0,5.0,6.2,18.6,otoño,21229.17,0.0,21525.42,6.23
182,178.0,instalacion,5.3,1330.4,12550.99,arenoso,4.1,5.0,3.0,1.0,9.4,6.9,primavera,12467.06,0.0,12864.76,2.5
183,265.5,instalacion,6.5,1477.0,25489.33,mixto,4.9,2.0,1.0,6.0,20.0,0.9,otoño,25192.39,0.0,26287.15,3.13
184,,instalacion,5.9,1286.3,5820.89,arcilloso,12.1,3.0,1.0,1.0,9.7,6.5,primavera,6446.66,25.64,6421.02,10.31
185,528.5,renovacion,4.8,1403.7,35609.06,arcilloso,16.7,2.0,2.0,3.0,6.6,,verano,39690.36,1107.94,38582.42,8.35
186,97.7,ampliacion,6.5,1216.2,7723.48,arcilloso,15.8,4.0,,5.0,,3.2,verano,8304.03,0.0,8305.06,7.53
187,361.4,renovacion,4.1,1486.8,22030.51,arcilloso,25.0,,3.0,4.0,5.6,3.4,primavera,25435.69,0.0,25535.56,15.91
188,484.6,renovacion,5.5,1494.2,39824.91,arcilloso,2.3,5.0,5.0,5.0,3.7,25.4,verano,41856.38,669.46,41186.92,3.42
189,360.8,instalacion,7.0,1421.7,35906.46,arcilloso,6.6,1.0,1.0,5.0,4.9,1.4,verano,39386.9,0.0,39967.48,11.31
190,820.7,instalacion,5.9,1339.6,64865.17,mixto,2.3,2.0,4.0,6.0,4.4,23.3,verano,66053.21,0.0,68050.05,4.91
191,22.5,renovacion,8.8,1266.0,2506.68,,11.7,3.0,1.0,3.0,9.4,15.4,invierno,2744.65,0.0,2753.34,9.84
192,137.1,instalacion,4.8,1443.8,9501.36,mixto,1.6,1.0,2.0,6.0,5.5,15.2,verano,10191.53,120.09,10071.44,6.0
193,479.2,instalacion,9.8,1420.9,66727.74,arcilloso,,3.0,1.0,4.0,3.0,3.1,invierno,73082.34,0.0,74094.48,11.04
194,62.0,instalacion,8.5,1266.6,6674.98,arcilloso,5.6,5.0,1.0,6.0,11.7,20.6,verano,7270.36,75.4,7194.96,7.79
195,100.5,instalacion,9.8,1335.4,13152.35,mixto,4.3,5.0,3.0,5.0,2.2,2.6,primavera,13263.93,0.0,13510.09,2.72
196,292.7,renovacion,8.9,1338.8,34876.14,mixto,4.8,1.0,5.0,1.0,6.4,35.0,primavera,36439.02,0.0,37310.49,6.98
197,208.5,renovacion,4.0,1447.9,12075.49,arcilloso,1.3,3.0,4.0,4.0,5.7,26.0,verano,12812.12,0.0,13129.68,8.73
198,279.9,instalacion,6.7,1405.2,26352.14,mixto,1.4,,5.0,6.0,8.1,40.1,verano,26939.89,0.0,27037.3,2.6
199,222.2,renovacion,4.2,1393.0,13000.03,mixto,5.7,1.0,3.0,1.0,13.5,10.3,invierno,13823.21,225.18,13598.03,4.6
200,237.7,renovacion,8.7,1394.9,28846.39,mixto,5.7,4.0,1.0,6.0,20.0,8.4,otoño,28100.03,0.0,30118.52,4.41
201,109.5,renovacion,7.1,1281.1,9959.91,mixto,2.4,3.0,,1.0,6.6,6.3,otoño,10628.58,0.0,10819.45,8.63
202,232.1,ampliacion,4.8,1311.5,14611.16,arenoso,3.6,4.0,5.0,6.0,3.7,56.7,verano,14986.35,0.0,15048.03,2.99
203,145.0,instalacion,9.5,1213.7,16718.72,arcilloso,7.1,2.0,1.0,5.0,3.4,17.9,verano,17652.64,0.0,18701.56,11.86
204,161.6,ampliacion,3.8,1436.1,8818.8,arcilloso,2.0,2.0,1.0,1.0,3.4,2.0,otoño,9315.96,5.95,9310.01,5.57
205,358.0,instalacion,6.9,1329.9,32851.19,arenoso,0.5,4.0,5.0,5.0,7.9,31.7,primavera,32501.98,0.0,33104.14,0.77
206,58.9,instalacion,,1331.5,6274.03,mixto,14.7,4.0,1.0,1.0,0.7,8.1,primavera,6849.34,0.0,6929.67,10.45
207,20.0,instalacion,3.4,1273.6,866.05,arcilloso,6.0,1.0,5.0,4.0,,4.1,verano,961.1,22.22,938.88,8.41
208,340.0,renovacion,7.2,1262.8,30913.34,arenoso,2.9,2.0,4.0,6.0,7.9,25.9,primavera,32932.63,430.34,32502.29,5.14
209,232.2,instalacion,8.7,1376.3,27803.19,mixto,2.3,3.0,4.0,2.0,12.1,15.5,otoño,29138.56,98.13,29040.43,4.45
210,484.3,instalacion,3.5,1269.8,21523.74,mixto,2.0,5.0,3.0,2.0,12.1,18.5,,21839.02,194.75,21644.27,0.56
211,102.9,renovacion,6.6,1219.3,8280.75,mixto,11.7,2.0,1.0,3.0,6.8,31.4,primavera,8993.67,0.0,9244.63,11.64
212,185.2,instalacion,4.8,1430.3,12714.79,arcilloso,1.0,2.0,3.0,3.0,11.1,0.6,,14045.23,620.95,13424.28,5.58
213,214.6,instalacion,7.6,1312.9,21412.87,mixto,6.6,5.0,5.0,1.0,13.7,4.1,invierno,22266.68,406.28,21860.4,2.09
214,121.3,instalacion,3.8,1314.1,6057.21,arcilloso,6.6,4.0,5.0,3.0,4.6,10.6,verano,6145.99,0.0,6287.99,3.81
215,91.6,instalacion,9.6,1329.4,11690.21,arcilloso,8.8,5.0,3.0,2.0,12.7,26.6,verano,11675.32,0.0,12251.34,4.8
216,,instalacion,9.3,1444.5,47300.59,arenoso,3.2,4.0,5.0,1.0,1.4,2.6,otoño,50107.3,593.04,49514.26,4.68
217,53.2,instalacion,4.3,1296.3,2965.42,arcilloso,13.8,5.0,4.0,2.0,2.0,6.9,primavera,3156.81,0.0,3178.34,7.18
218,78.2,instalacion,5.3,1427.4,5916.0,mixto,9.0,1.0,1.0,1.0,4.8,9.9,verano,6346.7,0.0,6601.66,11.59
219,180.4,renovacion,7.1,,18980.77,arcilloso,3.1,2.0,4.0,,1.2,3.9,primavera,20731.74,0.0,21125.6,11.3
220,381.0,ampliacion,8.0,1398.3,42620.18,arcilloso,2.2,2.0,4.0,6.0,9.5,9.7,verano,46211.24,0.0,46869.41,9.97
221,128.2,renovacion,6.1,1329.5,10396.96,mixto,4.1,1.0,3.0,3.0,4.1,8.4,invierno,11407.93,83.56,11324.37,8.92
222,114.8,renovacion,4.1,1424.3,6703.9,mixto,3.0,4.0,4.0,6.0,5.7,5.3,otoño,6947.98,71.79,6876.19,2.57
223,172.1,ampliacion,3.7,1337.4,8516.16,arenoso,1.8,4.0,5.0,3.0,5.9,20.6,,8249.68,0.0,8359.46,-1.84
224,261.5,ampliacion,10.0,1324.3,34630.44,mixto,5.0,1.0,3.0,6.0,4.7,17.3,otoño,37994.49,60.31,37934.18,9.54
225,151.5,renovacion,6.2,1357.6,12751.94,mixto,3.6,1.0,2.0,,3.3,21.4,otoño,13496.61,0.0,13843.51,8.56
226,415.1,ampliacion,9.1,1295.3,48928.79,mixto,16.3,1.0,5.0,2.0,9.2,23.1,otoño,52292.43,0.0,53205.17,8.74
227,427.1,ampliacion,6.4,1231.3,33656.85,mixto,3.0,3.0,5.0,5.0,4.0,1.1,otoño,34178.28,0.0,34649.73,2.95
228,180.4,renovacion,9.5,1324.5,22699.28,mixto,2.2,3.0,4.0,2.0,5.8,1.3,verano,24541.51,478.0,24063.51,6.01
229,680.1,renovacion,3.6,1237.2,30291.11,mixto,,2.0,4.0,5.0,8.2,19.0,primavera,30927.96,0.0,31396.74,3.65
230,210.9,instalacion,3.8,1323.1,10603.59,arcilloso,5.9,5.0,1.0,3.0,13.6,5.9,verano,11327.12,213.5,11113.62,4.81
231,417.4,instalacion,9.5,1367.1,54209.62,arenoso,6.3,2.0,3.0,3.0,12.9,5.1,primavera,56204.14,2471.56,53732.58,-0.88
232,256.2,renovacion,9.6,1479.2,36381.22,arcilloso,6.2,3.0,1.0,3.0,4.3,4.2,verano,39656.91,0.0,40495.94,11.31
233,252.7,renovacion,5.2,1210.9,15911.71,mixto,4.9,3.0,3.0,5.0,3.2,22.1,primavera,15707.24,0.0,17241.93,8.36
234,41.0,instalacion,5.5,1386.4,3126.33,arcilloso,4.5,2.0,5.0,1.0,15.5,53.8,otoño,3547.08,6.82,3540.26,13.24
235,72.0,renovacion,6.2,1337.3,5969.71,mixto,7.8,5.0,2.0,5.0,4.0,23.0,primavera,6305.59,0.0,6363.71,6.6
236,157.9,renovacion,5.9,1206.1,11236.15,arenoso,1.7,5.0,5.0,,8.9,5.6,primavera,11173.45,0.0,11448.51,1.89
237,424.9,ampliacion,4.3,1274.9,23293.32,,2.2,1.0,1.0,5.0,1.2,21.1,verano,25324.18,0.0,26391.33,13.3
238,258.8,instalacion,9.3,1235.5,29736.51,arcilloso,0.7,3.0,1.0,6.0,0.7,1.3,,31719.71,0.0,32579.32,9.56
239,,instalacion,,1265.0,9660.55,arcilloso,1.7,1.0,5.0,5.0,6.6,7.7,invierno,10500.61,199.57,10301.04,6.63
240,312.1,renovacion,7.9,1282.4,31618.73,arenoso,10.8,3.0,1.0,,5.2,0.6,,33479.26,0.0,33977.49,7.46
241,414.2,ampliacion,3.5,1320.4,19141.84,arenoso,7.6,4.0,4.0,3.0,10.5,5.9,verano,19539.46,638.81,18900.65,-1.26
242,201.0,ampliacion,3.3,1358.7,9012.26,mixto,18.0,3.0,4.0,3.0,3.4,11.8,primavera,9578.41,47.95,9530.46,5.75
243,236.6,ampliacion,7.6,1200.3,21583.31,arcilloso,14.9,2.0,2.0,5.0,7.7,61.9,invierno,24389.01,0.0,24907.14,15.4
244,214.5,ampliacion,5.4,1248.6,14462.53,,7.6,2.0,1.0,3.0,10.2,28.5,otoño,15230.89,0.0,15492.26,7.12
245,191.3,instalacion,7.6,1228.1,17855.1,arenoso,5.4,2.0,2.0,4.0,3.5,0.7,verano,18858.54,0.0,18922.83,5.98
246,101.9,instalacion,3.7,1364.9,5146.08,arcilloso,4.8,2.0,1.0,1.0,4.8,0.8,primavera,5527.67,,5513.0,7.13
247,95.0,instalacion,9.6,1298.7,11844.14,arenoso,0.2,2.0,4.0,2.0,2.4,3.9,otoño,12529.98,164.7,12365.28,4.4
248,310.7,renovacion,8.2,1364.5,34763.91,mixto,4.3,,5.0,2.0,10.8,0.7,invierno,35170.51,0.0,35633.01,2.5
249,419.6,ampliacion,9.1,1266.5,48359.53,mixto,2.6,1.0,5.0,3.0,9.2,4.2,verano,51233.76,0.0,51251.43,5.98
250,158.9,instalacion,4.0,1207.3,7673.6,arenoso,,1.0,5.0,4.0,9.7,4.2,primavera,7726.9,133.11,7593.79,-1.04
251,155.9,renovacion,5.2,1482.4,12017.52,arcilloso,6.7,3.0,4.0,5.0,5.2,14.7,primavera,12503.83,0.0,12685.69,5.56
252,29.3,instalacion,5.6,1232.5,10111.45,arenoso,3.9,4.0,5.0,3.0,9.1,21.6,primavera,1992.03,0.0,2058.29,1.78
253,23.0,instalacion,6.8,1238.1,1936.39,arenoso,5.1,2.0,4.0,1.0,5.6,17.5,otoño,1929.69,0.0,1980.35,2.27
254,494.4,instalacion,5.1,1244.0,31366.71,mixto,1.5,2.0,4.0,4.0,17.2,,invierno,31696.74,0.0,32059.91,2.21
255,,instalacion,3.4,1494.4,5487.44,arcilloso,9.3,4.0,5.0,1.0,6.2,1.2,invierno,5849.15,43.99,5805.16,5.79
256,858.1,ampliacion,5.6,1385.3,66568.65,mixto,3.0,2.0,2.0,6.0,12.4,10.9,otoño,72744.79,1609.53,71135.26,6.86
257,125.2,instalacion,4.8,1383.1,8311.88,arenoso,6.4,4.0,3.0,5.0,5.2,32.2,primavera,8406.56,0.0,8710.85,4.8
258,42.5,ampliacion,5.7,,3624.06,arenoso,3.2,1.0,5.0,2.0,14.9,41.7,invierno,3715.55,0.0,3821.21,5.44
259,215.8,renovacion,4.4,1226.5,11645.86,arcilloso,,1.0,2.0,2.0,3.2,14.4,verano,13109.05,0.0,13417.2,15.21
260,349.2,instalacion,4.8,,25015.01,arcilloso,6.9,3.0,2.0,1.0,8.5,0.7,verano,25796.48,476.29,25320.19,1.22
261,322.4,instalacion,7.4,1261.2,30089.21,,4.1,2.0,1.0,3.0,3.7,14.6,otoño,31370.89,,32204.48,7.03
262,373.8,ampliacion,5.7,1386.9,29550.12,arenoso,0.7,4.0,2.0,1.0,7.5,8.3,primavera,30141.8,0.0,30806.0,4.25
263,84.2,instalacion,5.4,1326.0,6029.06,mixto,1.3,3.0,3.0,6.0,4.0,0.9,invierno,5932.85,0.0,6185.21,2.59
264,486.5,ampliacion,6.7,1315.2,42869.6,,9.6,2.0,,1.0,,2.3,invierno,45520.83,0.0,45801.88,6.84
265,505.8,instalacion,8.4,1479.4,62855.56,arcilloso,0.7,1.0,1.0,4.0,4.5,3.1,otoño,68826.64,0.0,69298.25,10.25
266,520.7,renovacion,5.7,1244.8,36945.54,arenoso,2.9,1.0,4.0,4.0,9.9,19.1,,37801.24,0.0,38741.09,4.86
267,242.7,ampliacion,7.1,1499.1,25832.04,arcilloso,19.1,4.0,4.0,2.0,8.7,322.4,verano,28360.88,0.0,28978.38,12.18
268,149.0,instalacion,9.8,1313.7,19182.65,arenoso,7.0,2.0,5.0,5.0,3.6,16.4,primavera,20540.72,479.5,20061.22,4.58
269,138.2,instalacion,6.7,1394.6,12913.16,mixto,8.5,3.0,4.0,1.0,3.5,19.6,otoño,13079.14,0.0,13517.5,4.68
270,42.3,ampliacion,9.4,1490.4,5926.13,arcilloso,3.5,5.0,1.0,6.0,3.0,9.0,otoño,6283.41,0.0,6464.82,9.09
271,127.6,instalacion,8.6,,13358.16,mixto,0.6,5.0,3.0,5.0,2.5,5.0,invierno,13920.26,363.06,13557.2,1.49
272,20.0,instalacion,3.4,1476.9,1004.29,arcilloso,5.5,2.0,5.0,4.0,10.4,16.9,primavera,1057.57,0.0,1065.15,6.06
273,36.0,instalacion,6.0,1370.3,2959.85,arcilloso,1.4,1.0,5.0,6.0,2.8,13.0,verano,3210.07,0.0,3235.12,9.3
274,240.9,instalacion,7.9,1411.3,26858.59,mixto,1.2,4.0,4.0,3.0,8.0,3.5,verano,27843.93,61.4,27782.53,3.44
275,163.3,renovacion,9.9,1244.8,20124.31,arcilloso,5.0,4.0,,2.0,4.2,12.1,otoño,21053.26,0.0,21325.73,5.97
276,233.2,renovacion,6.2,1360.0,19663.42,mixto,1.5,2.0,4.0,1.0,12.1,9.7,otoño,19583.99,0.0,19763.7,0.51
277,330.7,instalacion,3.6,1402.1,16692.28,arenoso,,3.0,1.0,6.0,20.0,6.8,invierno,17259.18,323.19,16935.99,1.46
278,265.8,ampliacion,6.9,1336.9,24519.01,mixto,2.3,1.0,5.0,3.0,0.2,4.7,primavera,27961.86,488.31,27473.55,12.05
279,249.5,instalacion,,1246.5,12129.07,mixto,4.3,4.0,1.0,5.0,3.2,14.4,verano,13067.01,90.12,12976.89,6.99
280,186.8,instalacion,8.3,1273.2,19740.2,mixto,2.7,4.0,2.0,2.0,4.1,5.1,primavera,19913.77,0.0,20500.2,3.85
281,104.5,renovacion,6.6,1456.3,10044.1,arcilloso,4.4,2.0,2.0,6.0,5.3,53.9,primavera,11538.77,0.0,11673.25,16.22
282,62.5,ampliacion,8.1,1210.3,6127.14,mixto,14.0,3.0,4.0,6.0,5.1,15.9,verano,6536.86,0.0,6617.31,8.0
283,130.5,instalacion,9.1,1412.7,16776.52,arenoso,8.7,2.0,1.0,2.0,2.0,14.6,otoño,17545.8,0.0,17954.23,7.02
284,189.2,instalacion,7.4,1499.8,20998.4,mixto,4.0,1.0,4.0,,20.0,8.0,verano,22013.27,0.0,22256.2,5.99
285,208.0,renovacion,7.3,1202.2,18254.2,arenoso,12.3,1.0,5.0,5.0,5.2,6.1,verano,19620.27,179.55,19440.72,6.5
286,374.4,ampliacion,8.3,1248.3,38791.17,arenoso,6.4,5.0,4.0,2.0,8.7,0.4,otoño,39595.83,502.09,39093.74,0.78
287,176.3,instalacion,8.9,1402.2,22001.5,arcilloso,11.7,3.0,2.0,1.0,8.9,3.8,invierno,23500.01,0.0,23779.22,8.08
288,297.6,instalacion,9.1,1218.0,32985.39,arenoso,0.8,1.0,5.0,2.0,1.5,0.6,primavera,35614.82,13.69,35601.13,7.93
289,49.1,renovacion,3.3,1376.9,2230.99,arcilloso,1.5,1.0,2.0,4.0,4.7,0.6,verano,2383.78,0.0,2385.6,6.93
290,243.4,instalacion,6.9,1405.2,23599.77,mixto,5.4,2.0,4.0,1.0,10.4,1.8,otoño,23246.35,0.0,23578.53,-0.09
291,230.9,instalacion,4.5,1376.4,14301.48,arenoso,3.9,5.0,3.0,3.0,15.5,29.4,otoño,14064.14,0.0,14320.07,0.13
292,486.6,instalacion,9.0,1309.6,57352.62,mixto,4.4,2.0,1.0,6.0,4.8,29.2,invierno,60538.99,278.59,60260.4,5.07
293,163.4,instalacion,7.5,1409.2,17269.75,arenoso,7.3,,1.0,1.0,1.8,3.9,primavera,17995.84,0.0,18074.52,4.66
294,157.9,renovacion,5.9,1378.3,12840.38,mixto,5.5,3.0,1.0,1.0,3.9,1.1,verano,13418.96,0.0,14056.36,9.47
295,332.3,ampliacion,4.3,1262.3,18036.88,mixto,9.4,4.0,5.0,3.0,4.6,5.8,invierno,18876.44,246.15,18630.29,3.29
296,67.5,renovacion,5.4,1368.9,4989.64,,9.2,4.0,5.0,1.0,4.5,18.9,verano,5337.23,0.0,5470.64,9.64
297,238.7,renovacion,7.9,1464.6,27618.4,mixto,1.6,1.0,3.0,1.0,3.0,24.3,verano,31018.84,431.46,30587.38,10.75
298,64.1,ampliacion,4.4,1400.0,3948.56,mixto,0.2,1.0,5.0,2.0,1.7,11.9,invierno,4143.67,0.0,4337.1,9.84
299,635.6,instalacion,3.7,1341.5,31548.32,mixto,1.5,5.0,1.0,1.0,2.3,14.2,primavera,32091.14,0.0,32365.42,2.59
300,141.3,instalacion,9.2,1296.5,16853.98,arcilloso,1.4,5.0,5.0,5.0,3.9,12.8,otoño,17390.34,0.0,17743.87,5.28
301,59.9,ampliacion,8.3,1225.8,6094.31,arcilloso,4.8,1.0,2.0,1.0,10.3,1.3,invierno,6324.92,0.0,6585.51,8.06
302,129.7,instalacion,4.4,1273.4,7267.04,mixto,4.7,4.0,1.0,4.0,13.0,41.6,primavera,7479.05,0.0,7662.37,5.44
303,239.8,renovacion,5.0,1203.4,14428.77,arenoso,3.7,5.0,4.0,5.0,6.7,11.9,otoño,15150.09,623.2,14526.89,0.68
304,290.9,renovacion,9.8,1496.0,42648.27,mixto,,5.0,2.0,4.0,2.4,0.2,verano,45567.48,0.0,46516.47,9.07
305,469.5,instalacion,8.0,1266.7,47577.25,,25.0,2.0,2.0,4.0,4.1,,invierno,50907.82,0.0,53134.27,11.68
306,116.7,renovacion,7.3,1444.5,12305.84,mixto,3.6,5.0,4.0,3.0,0.8,2.9,invierno,12387.07,0.0,13104.49,6.49
307,343.0,instalacion,5.2,1250.6,22305.7,arenoso,5.6,4.0,2.0,6.0,15.7,26.1,,21881.9,0.0,22939.18,2.84
308,36.0,instalacion,5.1,1285.1,2359.44,arenoso,4.4,5.0,4.0,1.0,,23.7,,2360.96,0.0,2401.91,1.8
309,78.7,renovacion,3.3,1325.5,3442.46,mixto,2.5,,1.0,1.0,8.2,17.9,otoño,3638.08,0.0,3730.59,8.37
310,50.6,instalacion,8.1,1297.3,5317.11,mixto,7.4,4.0,1.0,6.0,12.4,11.7,invierno,5524.02,0.0,5562.76,4.62
311,99.3,renovacion,3.3,1439.5,4717.1,mixto,3.4,1.0,2.0,1.0,18.6,31.9,otoño,4719.49,0.0,5030.32,6.64
312,332.2,ampliacion,3.0,1487.3,14822.43,mixto,2.0,2.0,4.0,2.0,11.0,34.7,otoño,15089.06,0.0,15204.85,2.58
313,119.2,ampliacion,8.1,1462.6,14121.7,arcilloso,2.1,1.0,2.0,2.0,4.5,3.0,primavera,15410.01,0.41,15409.6,9.12
314,139.2,instalacion,9.6,1246.1,16651.88,arenoso,9.6,3.0,1.0,,9.0,17.7,invierno,18088.78,409.48,17679.3,6.17
315,244.6,instalacion,8.3,1433.0,29092.48,arenoso,7.3,5.0,4.0,1.0,,4.8,primavera,27637.86,0.0,28132.43,-3.3
316,282.2,instalacion,6.3,1244.4,22123.69,arcilloso,2.8,4.0,3.0,4.0,3.5,2.4,verano,23050.12,0.0,23636.95,6.84
317,142.8,instalacion,6.4,1474.0,13471.18,arenoso,6.6,2.0,3.0,4.0,1.6,34.7,invierno,13674.65,0.0,14158.21,5.1
318,78.2,ampliacion,6.1,1355.4,6465.53,mixto,4.5,3.0,2.0,1.0,3.0,20.5,invierno,6813.99,0.0,6895.49,6.65
319,567.8,instalacion,,1300.9,39148.5,arenoso,5.7,2.0,1.0,6.0,8.5,12.8,invierno,39826.89,0.0,41501.32,6.01
320,718.0,instalacion,6.7,1247.1,11998.6,arenoso,2.4,4.0,1.0,1.0,4.6,3.4,verano,13073.36,358.44,12714.92,5.97
321,155.7,ampliacion,6.0,1203.5,11243.1,arenoso,1.4,2.0,4.0,5.0,5.8,35.5,primavera,11439.64,9.9,11429.74,1.66
322,172.0,instalacion,7.2,1274.4,15782.17,arenoso,3.4,1.0,1.0,5.0,9.6,2.8,verano,16397.86,0.0,16654.92,5.53
323,303.9,instalacion,9.3,1474.2,41664.87,arenoso,1.8,3.0,2.0,4.0,2.9,1.9,primavera,45210.53,920.77,44289.76,6.3
324,46.3,instalacion,10.0,1439.2,6663.5,,1.6,5.0,5.0,,5.5,9.7,invierno,6737.08,0.0,6758.12,1.42
325,716.3,renovacion,3.6,1490.9,38445.54,arenoso,,3.0,2.0,1.0,4.0,18.9,otoño,40990.59,0.0,41363.56,7.59
326,152.2,renovacion,5.7,1230.2,10672.48,arcilloso,0.2,,4.0,2.0,17.7,0.0,verano,10744.67,0.0,11041.75,3.46
327,311.3,instalacion,4.3,1377.7,18441.75,mixto,2.8,1.0,2.0,6.0,10.8,11.6,primavera,17897.84,0.0,18548.71,0.58
328,60.7,ampliacion,5.5,1277.1,4263.6,arcilloso,11.1,5.0,5.0,3.0,4.6,4.8,verano,4382.22,0.0,4495.54,5.44
329,226.6,ampliacion,5.0,1362.9,15441.66,,9.0,4.0,5.0,1.0,4.4,5.5,,16494.88,766.01,15728.87,1.86
330,644.6,ampliacion,4.2,1296.1,35089.57,arcilloso,15.6,1.0,3.0,5.0,19.0,45.6,otoño,38762.03,135.43,38626.6,10.08
331,585.6,instalacion,8.3,,62457.17,arenoso,1.5,1.0,4.0,5.0,18.0,8.7,primavera,64357.27,,64187.23,2.77
332,305.5,instalacion,6.5,1372.2,27248.46,arenoso,7.8,1.0,3.0,1.0,8.5,33.6,,28368.54,,29717.17,9.06
333,93.3,ampliacion,9.4,1255.0,11006.6,mixto,4.0,2.0,5.0,1.0,6.0,0.6,verano,11527.51,239.14,11288.37,2.56
334,452.8,instalacion,,1340.7,19426.21,arcilloso,2.1,5.0,2.0,1.0,2.0,26.6,primavera,20550.45,0.0,21697.13,11.69
335,35.7,renovacion,3.5,1395.2,1743.3,arenoso,10.1,1.0,5.0,1.0,3.0,3.6,invierno,1752.2,0.0,1821.4,4.48
336,90.2,renovacion,,1238.5,6479.34,arcilloso,4.0,5.0,4.0,4.0,1.8,21.0,otoño,6874.93,0.0,6975.66,7.66
337,187.6,instalacion,3.6,1479.2,49949.65,mixto,0.5,1.0,4.0,1.0,12.8,3.6,primavera,10473.08,489.14,9983.94,-0.06
338,39.6,renovacion,4.8,1351.7,2569.31,mixto,8.9,4.0,2.0,4.0,2.0,6.0,otoño,2812.27,85.46,2726.81,6.13
339,129.5,ampliacion,9.9,,18537.16,arcilloso,,2.0,5.0,2.0,4.3,2.3,verano,19709.35,0.0,19990.47,7.84
340,347.9,renovacion,4.5,1396.2,21858.21,mixto,5.0,5.0,4.0,6.0,0.9,21.3,primavera,21684.16,0.0,22098.65,1.1
341,108.5,instalacion,4.4,1413.0,6745.66,mixto,1.2,3.0,5.0,5.0,,24.5,otoño,6890.95,0.0,7308.92,8.35
342,359.4,ampliacion,7.0,1414.8,35593.54,arcilloso,5.5,2.0,5.0,3.0,9.9,3.8,primavera,36895.2,0.0,37017.28,4.0
343,,renovacion,6.5,1462.5,80109.17,arenoso,14.0,2.0,1.0,3.0,7.6,1.0,verano,85175.52,0.0,85708.8,6.99
344,266.3,renovacion,7.1,1384.1,26169.59,arenoso,6.0,5.0,5.0,1.0,6.1,33.2,invierno,27820.79,463.1,27357.69,4.54
345,355.1,ampliacion,5.6,1283.5,25523.17,mixto,0.7,3.0,5.0,1.0,4.4,4.5,invierno,27497.22,457.97,27039.25,5.94
346,463.3,renovacion,8.8,1229.9,50143.51,arcilloso,6.4,2.0,2.0,4.0,1.2,8.2,verano,56727.68,0.0,57238.82,14.15
347,139.8,instalacion,4.0,1381.9,7727.58,arcilloso,6.1,4.0,5.0,1.0,3.9,2.9,otoño,7942.4,98.13,7844.27,1.51
348,349.2,instalacion,6.0,1219.9,25559.34,arcilloso,8.3,3.0,3.0,4.0,5.3,19.5,primavera,27144.51,0.0,27836.68,8.91
349,137.0,instalacion,7.8,1272.4,13596.87,arenoso,5.9,4.0,2.0,,9.4,19.9,otoño,13775.96,183.17,13592.79,-0.03
350,252.7,renovacion,9.1,1218.2,28013.36,mixto,1.6,3.0,2.0,1.0,12.3,38.0,primavera,29966.18,,30330.06,8.27
351,386.7,renovacion,5.6,1364.7,29552.85,arenoso,4.8,1.0,2.0,4.0,10.1,27.3,otoño,30969.45,326.1,30643.35,3.69
352,97.3,renovacion,7.0,1248.1,8500.81,mixto,3.5,1.0,1.0,4.0,7.6,25.6,primavera,9207.75,50.68,9157.07,7.72
353,20.0,instalacion,3.5,1383.1,968.17,arcilloso,5.3,1.0,4.0,5.0,6.1,9.1,invierno,1032.59,0.0,1035.46,6.95
354,89.1,renovacion,4.2,1437.3,5378.66,arenoso,10.4,3.0,4.0,2.0,7.0,7.9,invierno,5694.99,76.44,5618.55,4.46
355,426.7,ampliacion,3.5,1446.6,21604.25,arenoso,2.3,3.0,4.0,4.0,3.7,19.2,verano,21182.95,0.0,22153.0,2.54
356,79.0,instalacion,8.1,1292.9,8273.27,mixto,17.4,4.0,3.0,6.0,6.5,8.5,otoño,8761.82,0.0,9009.59,8.9
357,410.5,renovacion,5.0,1364.7,28010.47,arenoso,6.4,5.0,2.0,2.0,5.3,28.1,primavera,28904.76,0.0,29551.05,5.5
358,89.5,renovacion,8.1,1368.9,9923.84,arenoso,9.0,1.0,4.0,6.0,,2.7,otoño,10023.2,0.0,10519.27,6.0
359,167.6,renovacion,3.5,1341.9,7871.59,mixto,8.0,5.0,5.0,5.0,7.2,17.2,primavera,7681.64,0.0,7737.77,-1.7
360,197.9,instalacion,9.0,1396.5,24873.06,arcilloso,6.2,5.0,1.0,3.0,0.7,5.2,primavera,27202.02,0.0,27798.13,11.76
361,78.7,renovacion,8.8,1263.0,8747.03,arcilloso,7.2,4.0,2.0,6.0,4.2,2.1,otoño,9577.21,203.89,9373.32,7.16
362,169.1,ampliacion,3.6,1493.8,9093.66,arenoso,8.0,3.0,5.0,6.0,4.8,58.9,verano,9654.51,0.0,9795.69,7.72
363,42.4,renovacion,3.2,,1668.05,mixto,1.8,1.0,5.0,2.0,11.1,10.1,verano,1789.19,14.22,1774.97,6.41
364,150.4,ampliacion,3.4,,7408.58,arenoso,4.2,1.0,5.0,6.0,7.8,1.4,verano,382.1975,1.26,7642.69,3.16
365,185.5,ampliacion,9.0,1378.2,23009.05,arenoso,6.1,1.0,1.0,1.0,7.5,4.5,primavera,24654.08,0.0,25436.5,10.55
366,20.0,instalacion,4.6,1273.5,1171.62,arenoso,10.8,4.0,3.0,1.0,14.6,7.2,primavera,1139.4,19.1,1120.3,-4.38
367,88.4,renovacion,6.8,1423.7,8558.15,arenoso,1.8,3.0,1.0,,18.1,16.8,otoño,9047.48,122.19,8925.29,4.29
368,247.1,renovacion,6.0,1225.3,18166.3,arenoso,2.9,1.0,5.0,3.0,9.9,4.5,otoño,19445.38,327.17,19118.21,5.24
369,70.3,ampliacion,8.6,1432.3,8659.4,arenoso,3.3,1.0,3.0,6.0,4.5,8.4,primavera,9255.67,0.0,9435.28,8.96
370,277.7,instalacion,6.4,,24473.15,arenoso,5.3,1.0,2.0,4.0,4.6,13.2,verano,24411.35,0.0,25655.2,4.83
371,297.6,instalacion,6.5,1233.2,23855.02,arcilloso,3.5,4.0,1.0,4.0,13.3,15.8,otoño,24009.49,0.0,25236.23,5.79
372,246.3,ampliacion,9.9,1223.9,29843.21,mixto,7.2,4.0,4.0,,4.6,9.1,otoño,29876.98,0.0,30132.69,0.97
373,346.3,instalacion,4.1,1425.3,20236.84,arenoso,0.5,,,4.0,5.8,45.0,invierno,19335.91,0.0,20615.27,1.87
374,39.4,renovacion,8.8,1287.9,4465.41,arenoso,3.9,1.0,5.0,3.0,4.1,19.7,verano,4806.23,165.78,4640.45,3.92
375,398.8,instalacion,3.4,1466.8,19888.63,mixto,15.0,1.0,5.0,3.0,2.4,18.7,verano,21826.28,129.77,21696.51,9.09
376,79.9,ampliacion,6.3,1428.6,7191.14,mixto,3.5,1.0,5.0,2.0,20.0,18.0,otoño,7357.94,0.0,7585.21,5.48
377,215.7,ampliacion,9.2,1409.5,27970.68,mixto,6.4,4.0,4.0,2.0,5.8,28.3,verano,28434.34,0.0,29276.91,4.67
378,627.7,instalacion,7.7,1283.6,62040.11,arenoso,9.5,4.0,5.0,6.0,16.0,12.3,primavera,64413.61,1585.59,62828.02,1.27
379,147.8,renovacion,7.8,1412.7,16286.17,arcilloso,6.2,2.0,5.0,4.0,4.6,2.6,primavera,16850.08,0.0,17439.23,7.08
380,201.8,instalacion,4.8,1484.4,14378.49,arenoso,18.5,1.0,3.0,3.0,3.6,15.1,invierno,15406.02,0.0,15790.46,9.82
381,80.4,renovacion,5.9,1227.5,5822.77,arenoso,4.9,2.0,4.0,1.0,9.3,17.0,primavera,5815.38,0.0,5949.12,2.17
382,623.6,renovacion,5.6,1297.8,45321.25,arcilloso,7.5,5.0,5.0,5.0,12.3,32.2,otoño,47901.84,0.0,48294.32,6.56
383,88.6,ampliacion,6.7,1270.4,7541.35,arcilloso,5.5,1.0,1.0,3.0,12.8,,otoño,7983.48,0.0,7985.54,5.89
384,316.4,instalacion,6.2,1318.0,25854.94,arcilloso,12.8,4.0,4.0,3.0,5.2,3.2,verano,27092.54,580.88,26511.66,2.54
385,462.8,instalacion,5.3,1422.7,34896.55,arcilloso,3.0,3.0,2.0,5.0,10.0,10.4,invierno,37184.55,508.28,36676.27,5.1
386,337.9,renovacion,5.1,1342.3,23131.72,arenoso,19.6,1.0,1.0,1.0,3.9,18.5,otoño,25617.77,0.0,26078.7,12.74
387,257.6,renovacion,,1371.2,16954.61,arenoso,2.3,5.0,,4.0,6.4,1.6,primavera,17804.79,360.19,17444.6,2.89
388,213.2,renovacion,5.6,1294.2,15451.71,mixto,16.1,3.0,1.0,6.0,4.9,2.3,otoño,16078.18,0.0,16609.04,7.49
389,60.0,instalacion,4.0,1242.4,2981.76,mixto,1.5,4.0,5.0,3.0,4.3,22.8,verano,2969.89,0.0,3121.9,4.7
390,605.2,instalacion,9.1,,70499.2,arenoso,7.7,1.0,4.0,1.0,6.6,1.7,verano,72789.12,0.0,75102.8,6.53
391,242.2,ampliacion,7.2,1457.9,25423.44,arcilloso,,2.0,1.0,2.0,2.3,3.2,otoño,27180.82,0.0,28268.32,11.19
392,201.9,instalacion,3.9,1380.7,10871.77,arenoso,9.4,4.0,4.0,,11.6,24.2,otoño,10820.43,,11030.5,1.46
393,73.9,instalacion,7.9,1313.4,7667.76,arenoso,6.6,4.0,4.0,4.0,4.3,18.3,verano,7865.11,0.0,8087.19,5.47
394,209.5,ampliacion,8.9,1437.0,26793.58,mixto,9.0,1.0,3.0,3.0,11.2,4.6,invierno,28260.06,0.0,28870.08,7.75
395,192.2,instalacion,4.7,1219.3,11014.42,arenoso,1.5,4.0,4.0,1.0,2.8,16.3,otoño,11518.83,142.04,11376.79,3.29
396,627.7,renovacion,4.1,1276.2,32843.9,arcilloso,0.6,5.0,5.0,5.0,4.3,13.4,otoño,35399.41,956.01,34443.4,4.87
397,201.8,instalacion,3.1,1269.0,7938.61,arcilloso,1.2,4.0,3.0,2.0,2.3,8.7,primavera,7731.53,0.0,8102.15,2.06
398,206.9,ampliacion,3.3,1495.6,10211.51,arenoso,1.2,2.0,4.0,3.0,2.2,6.3,primavera,9931.3,0.0,10260.53,0.48
399,74.8,renovacion,8.3,1411.8,8765.02,arenoso,1.5,5.0,3.0,6.0,3.1,15.7,verano,8829.47,0.0,9097.21,3.79
400,105.3,ampliacion,9.9,1385.3,14441.34,arenoso,2.5,4.0,2.0,1.0,,2.0,otoño,15391.36,134.08,15257.28,5.65
401,290.1,instalacion,3.3,1201.5,11502.32,mixto,2.5,1.0,5.0,2.0,2.3,15.5,verano,11920.1,,12171.76,5.82
402,31.3,renovacion,8.2,1255.3,3221.85,arcilloso,4.6,1.0,3.0,2.0,6.1,12.2,otoño,3436.07,0.0,3588.17,11.37
403,397.3,renovacion,3.5,1390.7,19338.38,arcilloso,1.9,5.0,4.0,4.0,9.2,13.1,primavera,20285.04,231.14,20053.9,3.7
404,404.7,instalacion,7.1,1313.9,37753.21,arenoso,2.1,2.0,,2.0,9.5,3.0,otoño,38638.95,908.39,37730.56,-0.06
405,95.6,instalacion,8.3,1477.3,11722.08,arcilloso,,1.0,4.0,6.0,1.1,164.5,invierno,13066.58,0.0,13299.87,13.46
406,258.3,instalacion,5.5,1429.4,20306.77,,,3.0,4.0,1.0,4.8,4.6,otoño,20154.24,0.0,20574.82,1.32
407,473.1,ampliacion,3.1,1334.2,19567.51,arcilloso,3.0,3.0,,6.0,4.5,5.6,otoño,20538.6,0.0,20671.12,5.64
408,,renovacion,7.2,1424.9,18487.22,mixto,4.3,3.0,3.0,4.0,14.8,8.3,invierno,18390.24,0.0,18502.01,0.08
409,154.5,renovacion,9.9,1492.6,22830.06,arcilloso,5.0,4.0,4.0,1.0,5.0,,primavera,24899.11,,25158.73,10.2
410,170.3,renovacion,4.8,1338.3,10939.8,arenoso,1.7,5.0,3.0,1.0,5.7,12.7,otoño,10735.48,0.0,10863.22,-0.7
411,241.8,renovacion,4.3,1392.8,14481.5,arenoso,3.3,4.0,2.0,1.0,1.6,0.9,invierno,15397.59,313.66,15083.93,4.16
412,,renovacion,3.9,1475.6,6767.69,arenoso,2.3,1.0,4.0,2.0,3.0,9.9,otoño,7221.53,0.0,7287.45,7.68
413,144.0,instalacion,6.9,1274.6,12664.43,arcilloso,9.6,1.0,5.0,2.0,1.5,10.8,primavera,14184.77,177.91,14006.86,10.6
414,245.4,renovacion,7.2,1466.0,25902.46,mixto,9.0,1.0,4.0,4.0,6.4,33.6,invierno,1409.5020000000002,831.86,27358.18,5.62
415,134.3,instalacion,8.5,1229.3,14033.07,arenoso,2.0,2.0,4.0,2.0,15.1,7.0,primavera,14313.26,121.62,14191.64,1.13
416,68.6,ampliacion,8.3,1394.5,7940.0,arcilloso,4.2,2.0,5.0,5.0,3.1,16.8,verano,8320.23,0.0,8451.34,6.44
417,28.0,ampliacion,9.2,1434.9,3696.3,mixto,7.5,5.0,2.0,,5.0,28.8,primavera,3892.05,83.75,3808.3,3.03
418,204.8,instalacion,8.6,1384.4,24383.16,arenoso,6.0,2.0,1.0,2.0,2.8,2.8,verano,26558.84,171.38,26387.46,8.22
419,453.2,renovacion,4.7,1348.7,28727.85,arenoso,6.5,1.0,2.0,2.0,3.6,20.6,verano,32701.69,1172.87,31528.82,9.75
420,267.8,instalacion,6.9,1385.2,25596.0,arenoso,1.7,5.0,4.0,2.0,6.5,,verano,26091.94,137.6,25954.34,1.4
421,71.2,ampliacion,5.1,1245.5,4522.66,mixto,15.7,2.0,5.0,6.0,19.9,6.8,invierno,4739.85,29.95,4709.9,4.14
422,104.6,ampliacion,5.3,1264.7,7011.24,arcilloso,2.5,5.0,3.0,,14.6,20.8,verano,7352.4,47.39,7305.01,4.19
423,153.6,ampliacion,9.5,1281.0,18692.35,mixto,2.4,4.0,4.0,2.0,17.5,2.7,verano,18807.27,0.0,18916.66,1.2
424,641.0,instalacion,7.8,1379.3,68962.24,mixto,1.0,5.0,1.0,6.0,11.3,4.7,invierno,68297.7,0.0,68658.81,-0.44
425,664.1,instalacion,9.8,1332.6,86728.01,mixto,3.9,5.0,4.0,4.0,5.0,8.4,invierno,88770.1,593.73,88176.37,1.67
426,613.3,instalacion,5.9,1273.3,46073.98,mixto,11.3,1.0,4.0,2.0,4.4,6.4,primavera,48294.5,170.23,48124.27,4.45
427,221.0,instalacion,6.8,1464.8,22013.01,mixto,5.9,4.0,3.0,6.0,3.1,18.8,primavera,23275.3,549.07,22726.23,3.24
428,1000.0,instalacion,6.4,1312.2,83980.8,mixto,4.2,3.0,4.0,2.0,4.9,9.6,otoño,87217.59,0.0,87272.85,3.92
429,109.2,instalacion,3.8,,5534.74,mixto,,4.0,3.0,1.0,15.2,5.7,invierno,5505.35,0.0,5573.48,0.7
430,,ampliacion,4.7,1322.9,9264.27,mixto,11.1,,3.0,3.0,15.1,28.4,otoño,9792.28,0.0,10061.0,8.6
431,376.4,instalacion,6.7,1254.6,31639.51,mixto,9.0,3.0,4.0,5.0,20.0,18.1,primavera,30516.22,0.0,31547.76,-0.29
432,246.3,instalacion,3.5,1419.5,12236.8,mixto,0.4,2.0,4.0,2.0,6.8,1.3,otoño,12915.49,480.45,12435.04,1.62
433,256.8,ampliacion,,1334.5,32556.46,arcilloso,8.6,5.0,2.0,5.0,2.0,,otoño,33639.81,0.0,34461.01,5.85
434,83.2,renovacion,3.9,1204.9,3909.66,arcilloso,6.7,4.0,2.0,1.0,8.7,1.6,otoño,4146.12,53.49,4092.63,4.68
435,191.1,renovacion,4.4,,12521.79,arcilloso,2.0,5.0,3.0,5.0,20.0,24.6,invierno,12935.44,0.0,12962.56,3.52
436,110.7,renovacion,8.4,1444.7,13433.98,mixto,6.8,2.0,2.0,1.0,,5.0,otoño,14464.51,12.23,14452.28,7.58
437,55.8,ampliacion,3.7,1417.1,2925.74,arcilloso,11.3,5.0,2.0,3.0,4.0,16.7,otoño,3060.97,0.0,3117.38,6.55
438,122.4,renovacion,9.3,1460.7,16627.44,mixto,2.6,2.0,2.0,4.0,2.2,20.3,otoño,17479.95,0.0,18125.57,9.01
439,246.4,renovacion,,1472.0,29378.76,mixto,9.5,3.0,2.0,2.0,,5.3,otoño,30507.8,0.0,31676.18,7.82
440,334.5,renovacion,3.5,1301.2,15233.8,mixto,6.0,5.0,3.0,4.0,,8.0,verano,15918.83,653.04,15265.79,0.21
441,26.8,instalacion,7.8,1383.3,2891.65,arenoso,0.0,2.0,,5.0,3.8,13.3,verano,3002.07,0.0,3003.85,3.88
442,198.1,instalacion,7.4,1382.6,20268.09,mixto,4.5,2.0,4.0,4.0,4.7,23.4,otoño,21655.93,400.78,21255.15,4.87
443,184.4,renovacion,8.3,1280.2,19593.72,mixto,5.8,5.0,2.0,3.0,9.6,61.1,otoño,21411.68,632.54,20779.14,6.05
444,237.0,instalacion,8.8,1266.6,26416.21,mixto,3.4,5.0,5.0,5.0,4.5,41.4,verano,27078.54,0.0,27449.08,3.91
445,72.5,renovacion,8.0,1234.2,7158.36,mixto,6.2,2.0,3.0,5.0,6.2,9.5,primavera,7663.96,,7610.05,6.31
446,73.9,instalacion,7.1,1397.8,7334.12,arcilloso,4.0,2.0,4.0,2.0,1.4,9.4,otoño,7907.36,0.0,7951.65,8.42
447,461.5,instalacion,5.3,1434.3,35082.26,arcilloso,22.6,2.0,1.0,5.0,3.1,37.9,otoño,38048.29,0.0,40428.8,15.24
448,96.7,instalacion,7.9,1428.3,10911.21,arenoso,3.2,1.0,1.0,6.0,3.0,,verano,11900.07,0.0,11957.6,9.59
449,143.2,ampliacion,9.7,1294.9,17986.68,mixto,2.0,,3.0,5.0,1.2,5.1,verano,19186.89,200.15,18986.74,5.56
450,155.5,instalacion,7.1,1261.6,13928.69,arenoso,9.1,2.0,2.0,5.0,4.5,24.9,primavera,14789.53,0.0,15115.41,8.52
451,112.5,renovacion,7.7,1336.1,11573.97,mixto,3.6,5.0,3.0,5.0,1.4,13.9,invierno,12120.23,0.0,12428.13,7.38
452,283.7,ampliacion,6.1,1364.0,23604.97,mixto,4.2,1.0,1.0,5.0,4.2,1.2,invierno,24913.49,0.0,25481.57,7.95
453,266.6,instalacion,8.3,1475.7,32653.99,arcilloso,3.9,4.0,3.0,2.0,6.5,7.1,otoño,35622.29,1560.91,34061.38,4.31
454,178.0,renovacion,10.0,1462.4,26030.72,arenoso,8.7,3.0,4.0,,,1.7,verano,25616.6,0.0,26975.64,3.63
455,118.3,instalacion,4.1,1474.8,7153.22,arenoso,1.4,,4.0,2.0,2.9,0.0,otoño,7363.04,76.77,7286.27,1.86
456,167.1,instalacion,4.4,1455.1,10698.48,mixto,9.5,1.0,2.0,3.0,6.4,46.2,verano,11321.12,0.0,11549.01,7.95
457,211.0,renovacion,6.8,1489.4,21369.91,arcilloso,7.2,3.0,2.0,6.0,3.5,11.5,invierno,22697.22,0.0,23325.26,9.15
458,104.7,ampliacion,6.4,1339.6,8976.39,arenoso,17.4,4.0,3.0,2.0,1.3,,primavera,9502.69,0.0,9754.64,8.67
459,299.0,instalacion,7.0,1214.2,25413.21,mixto,5.4,2.0,3.0,6.0,15.5,5.6,primavera,26586.63,169.6,26417.03,3.95
460,395.3,renovacion,3.3,1225.1,15981.31,arenoso,1.6,5.0,4.0,3.0,6.8,10.3,otoño,16179.54,324.48,15855.06,-0.79
461,515.2,instalacion,5.8,1317.1,39357.06,mixto,5.5,3.0,2.0,2.0,8.4,5.6,primavera,39804.4,167.9,39636.5,0.71
462,494.3,renovacion,7.1,1277.3,44827.23,arenoso,6.1,2.0,4.0,1.0,17.2,2.9,otoño,47683.46,973.49,46709.97,4.2
463,154.7,renovacion,7.1,1251.0,13740.61,arenoso,12.1,1.0,5.0,4.0,,6.0,otoño,14939.15,423.57,14515.58,5.64
464,219.0,renovacion,7.6,1486.0,24732.98,arenoso,1.6,1.0,2.0,3.0,1.9,34.8,primavera,27687.59,305.71,27381.88,10.71
465,175.3,renovacion,8.0,1258.6,17650.61,arcilloso,0.7,3.0,5.0,4.0,2.9,24.4,verano,18975.01,0.0,19332.71,9.53
466,174.8,instalacion,7.5,1487.8,19505.06,arcilloso,5.6,3.0,2.0,1.0,1.7,6.0,otoño,20739.11,69.6,20669.51,5.97
467,166.1,renovacion,8.5,1428.3,20165.45,mixto,18.0,5.0,2.0,,12.7,50.1,invierno,21982.94,,21823.05,8.22
468,200.9,renovacion,7.4,1392.3,20698.77,arcilloso,8.1,4.0,4.0,1.0,,9.4,verano,21551.96,0.0,21996.58,6.27
469,440.3,renovacion,6.8,1402.8,42000.39,arenoso,8.5,1.0,4.0,,6.5,3.9,,43347.32,0.0,45268.02,7.78
470,251.9,instalacion,7.2,1299.4,23566.96,arenoso,1.0,3.0,3.0,6.0,9.8,14.6,otoño,22761.45,0.0,24094.86,2.24
471,69.4,instalacion,3.7,1393.9,3579.26,arenoso,4.8,3.0,2.0,1.0,11.6,39.5,verano,3580.38,6.85,3573.53,-0.16
472,383.9,instalacion,4.9,1256.0,23626.74,mixto,,1.0,1.0,5.0,18.0,33.4,otoño,25484.62,0.0,25911.45,9.67
473,234.6,instalacion,6.7,1481.3,23283.37,arenoso,6.2,4.0,5.0,1.0,20.0,4.1,otoño,22578.64,0.0,23260.09,-0.1
474,286.1,instalacion,9.1,1290.5,33598.3,mixto,0.7,3.0,,4.0,0.9,2.1,primavera,35074.78,817.95,34256.83,1.96
475,248.3,instalacion,7.8,1276.6,24724.42,arenoso,4.7,1.0,5.0,6.0,3.6,6.7,otoño,25709.12,47.64,25661.48,3.79
476,256.7,renovacion,3.6,1413.3,13060.59,arenoso,7.6,3.0,3.0,3.0,6.0,17.0,verano,13969.92,282.42,13687.5,4.8
477,265.4,instalacion,7.1,1396.9,26322.35,arenoso,4.3,4.0,5.0,2.0,3.2,21.6,primavera,27357.05,0.0,27417.36,4.16
478,34.2,ampliacion,4.6,1335.4,2100.85,arenoso,1.8,2.0,3.0,4.0,4.8,29.5,otoño,2130.69,0.0,2189.72,4.23
479,283.5,renovacion,8.1,1389.7,31912.38,mixto,9.4,2.0,1.0,2.0,8.0,12.1,invierno,34673.85,0.0,35151.49,10.15
480,108.7,renovacion,8.8,1247.8,11935.96,arcilloso,3.1,1.0,1.0,6.0,,12.5,otoño,12885.62,0.0,12991.1,8.84
481,134.0,renovacion,7.2,,13526.5,arenoso,6.7,2.0,2.0,6.0,11.3,11.7,primavera,688.694,0.0,13998.57,3.49
482,199.7,renovacion,7.1,1281.2,18165.75,mixto,4.6,5.0,2.0,4.0,6.1,26.2,otoño,17661.65,0.0,18323.79,0.87
483,569.6,renovacion,,1281.9,39429.19,arcilloso,2.9,4.0,5.0,4.0,0.4,21.9,primavera,41744.59,0.0,42023.63,6.58
484,81.4,ampliacion,6.1,1248.7,6200.29,mixto,19.5,,2.0,4.0,4.5,3.9,verano,6782.69,0.0,7055.93,13.8
485,194.5,renovacion,9.0,1299.7,22751.25,mixto,2.6,3.0,4.0,5.0,7.5,19.6,verano,24983.48,241.5,24741.98,8.75
486,162.9,renovacion,8.1,1299.4,17145.45,mixto,5.0,1.0,2.0,3.0,11.9,24.8,primavera,18091.36,0.0,18597.67,8.47
487,380.1,renovacion,6.6,1336.3,33523.22,mixto,4.6,3.0,4.0,6.0,10.8,26.5,verano,35788.6,1380.37,34408.23,2.64
488,159.3,renovacion,5.6,1257.1,11214.34,mixto,5.5,1.0,3.0,3.0,5.4,14.0,invierno,11394.02,0.0,12026.26,7.24
489,236.6,instalacion,3.4,1257.9,10119.05,arcilloso,18.4,4.0,1.0,1.0,3.4,13.2,primavera,11116.95,0.0,11329.29,11.96
490,81.7,renovacion,4.0,1362.5,4452.65,mixto,7.7,3.0,3.0,5.0,5.6,9.8,invierno,4676.89,140.98,4535.91,1.87
491,424.6,renovacion,4.4,1238.7,23141.89,arenoso,2.9,4.0,1.0,4.0,,10.9,,23517.09,0.0,24282.79,4.93
492,51.0,ampliacion,5.6,1406.7,4017.54,mixto,14.3,3.0,5.0,6.0,3.7,44.0,verano,4269.91,0.0,4392.78,9.34
493,280.7,renovacion,9.6,1483.2,39968.09,mixto,8.8,2.0,,3.0,13.4,11.3,primavera,40762.86,0.0,41494.87,3.82
494,237.7,renovacion,6.5,1328.0,20518.26,arenoso,3.0,2.0,5.0,3.0,5.6,4.4,primavera,20501.49,0.0,20990.18,2.3
495,263.8,ampliacion,4.6,1470.3,17841.8,,12.7,2.0,5.0,4.0,7.7,0.0,primavera,18612.6,64.26,18548.34,3.96
496,51.8,renovacion,3.7,1229.5,2356.46,mixto,1.0,3.0,2.0,3.0,1.7,21.2,otoño,2405.53,0.0,2517.88,6.85
497,156.7,instalacion,5.4,1212.9,10263.32,arenoso,1.4,3.0,4.0,5.0,11.8,25.6,invierno,10223.68,0.0,10251.0,-0.12
498,367.5,instalacion,8.7,1416.4,45285.85,arcilloso,0.6,4.0,1.0,3.0,5.2,2.8,invierno,48726.76,130.51,48596.25,7.31
499,626.7,instalacion,5.7,1428.3,51021.59,mixto,0.3,1.0,5.0,5.0,7.5,36.8,primavera,53387.46,0.0,53797.16,5.44
500,183.5,instalacion,8.4,1452.9,22395.0,mixto,12.0,2.0,4.0,3.0,8.8,20.5,primavera,23870.86,0.0,24455.34,9.2
501,343.9,instalacion,8.6,,35993.26,arenoso,,5.0,4.0,2.0,11.5,35.1,primavera,37287.69,840.91,36446.78,1.26
502,220.9,renovacion,3.8,1433.1,12029.73,arenoso,0.7,5.0,5.0,,6.7,,invierno,12106.02,273.58,11832.44,-1.64
503,191.0,renovacion,7.3,1313.0,18307.16,mixto,4.5,5.0,,4.0,5.3,27.4,primavera,18751.74,0.0,19303.07,5.44
504,142.4,instalacion,9.7,1291.0,17832.32,arenoso,,2.0,5.0,5.0,2.0,2.6,primavera,17857.51,0.0,18684.7,4.78
505,200.5,renovacion,5.8,1251.9,14558.35,arenoso,2.2,1.0,1.0,4.0,1.5,7.6,otoño,14976.67,0.0,15555.6,6.85
506,322.8,instalacion,,1498.8,16449.63,arenoso,3.4,1.0,1.0,3.0,6.6,21.1,otoño,17467.67,0.0,17558.34,6.74
507,,ampliacion,9.5,1219.1,39550.65,arenoso,20.2,1.0,5.0,6.0,7.6,2.3,primavera,43925.74,143.17,43782.57,10.7
508,63.2,instalacion,9.2,1448.1,8419.83,arcilloso,3.7,5.0,2.0,3.0,8.5,5.5,otoño,8908.68,29.13,8879.55,5.46
509,132.0,renovacion,6.7,1391.8,12309.08,mixto,0.8,5.0,3.0,6.0,2.9,1.5,primavera,12508.23,0.0,12662.35,2.87
510,77.9,instalacion,,1420.5,7635.33,arcilloso,2.7,5.0,1.0,3.0,3.7,20.6,primavera,7817.56,0.0,8069.02,5.68
511,208.2,renovacion,4.5,1413.5,13243.08,mixto,0.6,4.0,4.0,1.0,6.5,3.8,primavera,13778.63,277.31,13501.32,1.95
512,152.2,instalacion,8.7,1457.5,19299.34,arcilloso,,2.0,5.0,1.0,4.1,10.6,verano,20674.04,0.0,21385.6,10.81
513,,renovacion,6.5,1255.1,20999.08,arenoso,1.8,3.0,1.0,6.0,20.0,15.6,invierno,20777.8,110.51,20667.29,-1.58
514,270.4,instalacion,3.2,1200.2,10385.09,arenoso,1.8,5.0,3.0,4.0,3.7,14.1,verano,9982.69,0.0,10385.09,0.0
515,20.0,ampliacion,7.8,1379.6,2152.18,arenoso,21.5,5.0,4.0,3.0,7.9,12.9,otoño,2210.8,0.0,2259.79,5.0
516,199.3,renovacion,9.7,1306.2,25251.59,arenoso,1.2,3.0,3.0,5.0,10.5,12.8,verano,26459.68,501.05,25958.63,2.8
517,,renovacion,8.8,1237.1,48575.47,arenoso,0.9,5.0,3.0,4.0,11.0,1.6,otoño,48297.65,0.0,49202.09,1.29
518,132.1,ampliacion,4.9,1255.8,8128.67,arenoso,,2.0,3.0,4.0,4.1,8.1,invierno,8682.31,,8547.3,5.15
519,128.9,ampliacion,3.4,1299.5,5695.19,arenoso,10.0,3.0,5.0,5.0,,12.7,verano,5451.53,0.0,5802.83,1.89
520,395.0,instalacion,9.6,1221.1,46304.11,mixto,7.3,5.0,2.0,2.0,8.0,11.4,invierno,46373.65,0.0,47197.78,1.93
521,352.6,instalacion,9.6,1217.1,41198.35,arcilloso,,2.0,3.0,1.0,9.1,9.1,otoño,42437.99,0.0,43188.23,4.83
522,85.6,instalacion,6.7,1474.8,8458.27,mixto,2.4,4.0,4.0,5.0,6.5,4.6,otoño,8953.59,320.23,8633.36,2.07
523,328.9,instalacion,7.5,1293.6,31909.88,mixto,6.8,3.0,3.0,1.0,10.6,13.8,primavera,1582.0,0.0,32835.27,2.9
524,103.6,renovacion,,1494.7,9600.76,arcilloso,5.7,2.0,1.0,5.0,7.0,16.4,otoño,10728.15,0.0,10966.95,14.23
525,127.7,ampliacion,5.9,1489.3,11220.83,arenoso,4.0,2.0,2.0,1.0,1.8,6.4,verano,12386.88,0.21,12386.67,10.39
526,85.5,ampliacion,3.8,1242.8,4037.86,arcilloso,7.5,4.0,4.0,2.0,6.9,25.7,,4376.63,0.0,4467.89,10.65
527,62.7,renovacion,3.7,1414.5,3281.5,arenoso,1.3,3.0,4.0,5.0,7.5,37.5,,3294.94,0.0,3328.43,1.43
528,217.5,renovacion,4.6,1380.2,13808.9,arcilloso,1.9,2.0,4.0,4.0,10.1,10.8,verano,14733.54,6.35,14727.19,6.65
529,53.5,ampliacion,8.9,1407.2,6700.38,arcilloso,7.9,4.0,5.0,5.0,6.6,4.0,invierno,6857.02,0.0,7156.68,6.81
530,224.1,ampliacion,4.0,1228.9,11015.86,arcilloso,6.1,1.0,4.0,4.0,18.2,2.2,invierno,11509.19,0.0,11713.16,6.33
531,218.9,instalacion,4.6,1256.6,12653.21,arenoso,4.8,1.0,3.0,1.0,5.5,7.5,otoño,13499.02,246.05,13252.97,4.74
532,177.1,renovacion,6.8,1223.0,14728.34,mixto,21.0,5.0,,6.0,3.9,10.0,primavera,16393.25,46.27,16346.98,10.99
533,137.3,ampliacion,4.5,,8533.74,mixto,8.9,4.0,2.0,2.0,14.6,2.0,primavera,8652.17,0.0,8727.46,2.27
534,115.9,instalacion,4.1,1496.0,7108.84,mixto,2.8,3.0,5.0,1.0,,7.2,primavera,7238.44,1.64,7236.8,1.8
535,75.7,instalacion,6.9,1401.6,7320.98,arcilloso,2.1,1.0,3.0,6.0,6.2,123.0,primavera,7986.97,98.61,7888.36,7.75
536,517.8,ampliacion,5.6,1413.2,327826.24,arcilloso,6.4,3.0,4.0,2.0,7.5,11.5,invierno,358198.88,669.94,44104.92,7.63
537,171.0,ampliacion,7.4,1495.4,18922.79,,12.0,,1.0,4.0,7.0,5.5,primavera,19539.58,0.0,20065.73,6.04
538,166.5,ampliacion,9.4,1403.4,21964.61,mixto,6.0,3.0,1.0,3.0,9.0,10.3,otoño,24308.36,713.98,23594.38,7.42
539,89.3,renovacion,4.1,1212.1,4437.86,arcilloso,3.4,1.0,2.0,5.0,9.7,39.1,otoño,4992.14,0.0,4996.14,12.58
540,481.8,instalacion,9.4,1460.1,66126.76,arenoso,5.5,3.0,1.0,1.0,3.6,9.8,otoño,70945.1,0.0,71350.77,7.9
541,122.2,instalacion,9.3,1309.4,14880.81,arenoso,0.8,3.0,4.0,1.0,2.2,8.4,primavera,15079.57,0.0,15604.02,4.86
542,240.2,renovacion,8.8,1201.3,25392.6,mixto,12.0,2.0,4.0,3.0,2.5,19.4,otoño,26766.55,0.0,28084.22,10.6
543,274.8,renovacion,7.4,1352.2,27497.26,arcilloso,14.6,1.0,3.0,3.0,13.5,14.0,otoño,30000.65,0.0,30499.96,10.92
544,217.6,renovacion,7.3,1481.1,23526.98,arcilloso,8.3,5.0,2.0,5.0,5.0,11.6,otoño,24550.54,0.0,24748.03,5.19
545,52.2,renovacion,7.5,1277.2,5000.24,arcilloso,16.9,4.0,3.0,4.0,10.5,14.5,primavera,5137.21,0.0,5508.26,10.16
546,319.2,instalacion,7.8,1347.5,33549.52,arcilloso,3.2,4.0,1.0,1.0,9.8,30.6,otoño,36655.47,405.21,36250.26,8.05
547,121.1,renovacion,3.1,1252.1,4700.51,arcilloso,5.9,4.0,3.0,6.0,6.2,23.2,primavera,5057.57,117.8,4939.77,5.09
548,350.2,instalacion,9.7,1217.3,41350.95,arenoso,8.4,4.0,1.0,3.0,2.9,7.8,otoño,43716.3,202.7,43513.6,5.23
549,189.8,instalacion,7.1,1224.2,16497.07,arcilloso,6.5,1.0,1.0,6.0,10.0,37.4,verano,18153.52,0.0,18758.82,13.71
550,,instalacion,8.5,1418.1,34570.44,mixto,3.6,3.0,1.0,6.0,6.0,5.9,primavera,35591.33,0.0,36565.15,5.77
551,460.7,instalacion,5.6,1459.2,37646.19,arenoso,4.0,5.0,1.0,1.0,2.1,11.5,invierno,38048.72,259.47,37789.25,0.38
552,311.0,ampliacion,3.1,1243.0,11983.76,mixto,13.6,2.0,3.0,4.0,4.2,12.9,,12536.29,0.0,12660.84,5.65
553,291.8,instalacion,6.6,1286.5,24776.45,arenoso,4.6,5.0,3.0,3.0,1.4,7.3,invierno,26232.83,232.42,26000.41,4.94
554,329.4,instalacion,6.6,1258.5,27360.29,mixto,11.4,1.0,4.0,3.0,4.3,34.1,invierno,29413.49,0.0,29436.94,7.59
555,100.4,renovacion,6.1,1208.1,7398.89,arcilloso,4.3,2.0,3.0,2.0,6.4,6.9,verano,8104.17,110.41,7993.76,8.04
556,360.4,renovacion,5.4,1366.0,26584.55,mixto,11.4,2.0,1.0,4.0,5.5,9.0,verano,27725.77,0.0,29285.54,10.16
557,160.8,instalacion,4.7,1410.0,10656.22,,5.0,4.0,1.0,3.0,5.0,26.2,primavera,11815.69,10.73,11804.96,10.78
558,165.0,instalacion,6.7,1394.4,15415.09,mixto,7.8,1.0,4.0,2.0,6.4,6.1,invierno,16223.36,0.0,16612.84,7.77
559,212.5,instalacion,5.6,1316.4,15665.16,arcilloso,2.3,2.0,,2.0,8.6,11.8,otoño,15615.52,0.0,15651.06,-0.09
560,149.1,renovacion,9.8,1366.5,19967.02,mixto,5.9,4.0,2.0,1.0,11.0,2.9,primavera,22022.63,430.29,21592.34,8.14
561,82.6,instalacion,4.2,1228.2,4260.87,mixto,2.4,,2.0,6.0,12.1,2.5,verano,4492.83,85.39,4407.44,3.44
562,200.5,instalacion,5.2,1246.3,12993.92,arenoso,3.1,5.0,2.0,5.0,3.3,0.3,primavera,14024.64,248.49,13776.15,6.02
563,165.6,instalacion,5.1,1479.5,12495.27,arenoso,3.4,5.0,2.0,3.0,12.9,0.4,otoño,12410.0,194.62,12215.38,-2.24
564,161.0,renovacion,6.8,1428.5,15639.22,arcilloso,3.9,2.0,2.0,,6.0,0.5,verano,16257.95,0.0,16460.28,5.25
565,185.1,instalacion,6.5,1476.8,17768.12,arenoso,3.0,3.0,3.0,1.0,4.6,41.6,primavera,18660.8,0.0,18777.35,5.68
566,20.0,ampliacion,7.5,1475.0,2212.5,arcilloso,5.3,2.0,4.0,2.0,2.5,0.5,invierno,2259.46,0.0,2384.85,7.79
567,162.0,instalacion,9.7,1394.8,21917.89,,11.4,2.0,4.0,6.0,8.2,2.8,primavera,24108.33,296.73,23811.6,8.64
568,499.5,renovacion,5.0,1478.5,36925.54,arcilloso,7.7,4.0,5.0,1.0,8.0,9.2,verano,38824.85,0.0,39447.55,6.83
569,473.4,instalacion,7.8,1325.0,48925.89,,0.5,2.0,2.0,1.0,,18.6,otoño,52112.76,60.51,52052.25,6.39
570,205.8,instalacion,3.2,1201.1,7909.96,mixto,0.8,1.0,3.0,6.0,3.9,,invierno,8329.87,21.25,8308.62,5.04
571,200.6,instalacion,4.8,1218.8,11735.58,arcilloso,6.6,2.0,2.0,4.0,5.4,4.1,verano,12302.5,0.0,12708.46,8.29
572,20.0,ampliacion,6.2,1232.8,1528.67,mixto,2.8,5.0,1.0,1.0,4.6,11.3,invierno,1536.9,0.0,1590.43,4.04
573,127.1,ampliacion,3.2,1228.6,4996.96,arenoso,0.7,2.0,2.0,,3.1,8.9,verano,5392.73,186.9,5205.83,4.18
574,327.1,instalacion,7.3,1305.5,31173.12,arcilloso,2.6,2.0,2.0,5.0,2.3,10.7,invierno,34778.06,1.33,34776.73,11.56
575,146.2,instalacion,7.7,1410.4,15877.44,arenoso,6.8,4.0,3.0,3.0,13.0,12.2,primavera,16127.8,0.0,16542.7,4.19
576,405.8,ampliacion,8.2,,47823.69,mixto,3.3,1.0,1.0,3.0,4.1,15.6,otoño,52869.84,0.0,53490.8,11.85
577,389.3,renovacion,6.6,1377.1,35382.93,arenoso,4.9,2.0,4.0,4.0,8.0,5.3,primavera,37543.22,872.35,36670.87,3.64
578,125.0,instalacion,7.2,1243.9,11195.1,mixto,3.6,1.0,,4.0,9.1,7.0,invierno,11411.24,267.64,11143.6,-0.46
579,217.6,instalacion,5.8,1424.4,17977.07,arenoso,2.3,5.0,5.0,6.0,8.2,,invierno,17373.12,0.0,18039.99,0.35
580,526.0,renovacion,3.3,1306.4,22676.49,arcilloso,5.8,5.0,1.0,2.0,9.4,5.7,verano,24149.32,708.63,23440.69,3.37
581,51.0,renovacion,3.7,1203.9,2271.76,arenoso,2.0,4.0,1.0,2.0,8.2,11.5,verano,2378.16,,2343.55,3.16
582,148.8,renovacion,7.6,1284.2,14522.76,arcilloso,8.9,2.0,5.0,1.0,3.6,9.0,,15563.51,0.0,15716.53,8.22
583,45.6,ampliacion,10.0,1299.2,5924.35,arcilloso,0.8,4.0,5.0,4.0,4.8,11.1,primavera,6013.99,0.0,6288.11,6.14
584,94.1,renovacion,3.1,1282.3,3740.6,arcilloso,4.7,4.0,3.0,4.0,12.7,26.9,otoño,3965.16,61.47,3903.69,4.36
585,629.1,instalacion,6.9,1443.6,62663.64,arenoso,3.1,5.0,2.0,3.0,4.0,8.4,otoño,63553.76,720.93,62832.83,0.27
586,148.8,renovacion,8.3,,88181.84999999999,arenoso,2.8,1.0,3.0,5.0,6.0,2.3,verano,18192.13,0.0,19235.99,9.07
587,26.1,instalacion,8.8,1408.7,3235.5,arenoso,9.6,4.0,3.0,3.0,8.7,5.2,primavera,3258.56,0.0,3280.15,1.38
588,81.8,instalacion,6.8,1241.7,6906.83,mixto,11.2,1.0,5.0,2.0,15.9,0.425,invierno,7703.03,524.07,7178.96,3.94
589,40.4,instalacion,7.3,1442.4,4253.93,arcilloso,1.5,3.0,3.0,4.0,12.0,12.6,primavera,4540.98,0.0,4553.41,7.04
590,223.9,instalacion,7.9,1403.2,24819.94,arenoso,4.0,5.0,1.0,3.0,2.8,4.1,otoño,25401.06,0.0,26276.87,5.87
591,271.9,renovacion,9.0,1258.5,30796.75,mixto,0.3,1.0,4.0,3.0,7.8,4.7,primavera,31971.87,0.0,33152.7,7.65
592,363.8,instalacion,3.9,1394.4,19784.03,arenoso,9.2,1.0,4.0,3.0,7.1,13.0,primavera,21608.06,830.87,20777.19,5.02
593,314.9,instalacion,9.5,1345.1,40239.34,arcilloso,4.4,5.0,2.0,6.0,4.8,13.5,primavera,43865.62,197.89,43667.73,8.52
594,53.6,renovacion,3.2,1331.8,2284.3,mixto,0.8,1.0,1.0,2.0,6.2,23.7,verano,2580.77,58.67,2522.1,10.41
595,262.1,renovacion,8.9,1233.6,28776.06,mixto,2.1,4.0,1.0,2.0,3.5,5.1,otoño,30993.2,0.0,31101.17,8.08
596,178.9,renovacion,3.5,1355.5,8487.46,mixto,1.3,3.0,5.0,4.0,5.3,17.0,verano,8690.07,281.54,8408.53,-0.93
597,400.2,ampliacion,4.4,1230.0,21658.82,arcilloso,1.9,2.0,3.0,1.0,,9.0,otoño,22383.09,0.0,23170.61,6.98
598,340.2,renovacion,3.0,1249.3,12750.36,mixto,0.4,5.0,3.0,1.0,6.5,6.1,otoño,13051.19,22.87,13028.32,2.18
599,683.4,instalacion,6.1,1239.8,51684.04,arenoso,13.5,5.0,5.0,4.0,4.7,9.3,primavera,52131.44,344.03,51787.41,0.2
600,88.1,renovacion,5.3,1486.2,6939.51,mixto,1.5,2.0,1.0,4.0,16.7,10.7,primavera,7689.27,217.5,7471.77,7.67
601,76.8,renovacion,4.2,1285.5,4146.51,mixto,4.7,1.0,2.0,4.0,6.7,1.9,otoño,4409.05,0.0,4409.4,6.34
602,133.7,instalacion,6.2,1306.6,10830.93,mixto,6.7,1.0,5.0,1.0,5.8,2.2,otoño,11057.17,0.0,11370.31,4.98
603,184.6,instalacion,5.8,1296.6,13882.44,arenoso,11.2,1.0,3.0,6.0,5.1,19.2,otoño,15054.35,0.0,15144.35,9.09
604,112.7,instalacion,,1469.5,13911.46,arenoso,4.8,5.0,1.0,3.0,4.7,6.8,primavera,13754.15,0.0,14424.79,3.69
605,92.3,renovacion,9.3,1368.9,11750.5,mixto,3.6,3.0,4.0,1.0,2.1,12.6,invierno,11750.28,0.0,12645.89,7.62
606,249.7,instalacion,7.6,1475.7,28004.65,arcilloso,5.0,4.0,1.0,2.0,10.4,18.7,primavera,31221.59,550.9,30670.69,9.52
607,133.4,instalacion,3.9,1290.0,6711.35,arcilloso,1.4,2.0,4.0,2.0,14.6,,otoño,6720.39,0.0,6789.87,1.17
608,108.6,ampliacion,5.1,1234.5,6837.4,mixto,1.6,5.0,4.0,3.0,4.0,17.3,primavera,6868.95,0.0,6924.23,1.27
609,53.5,ampliacion,9.4,1366.9,6874.14,arcilloso,3.5,4.0,5.0,3.0,12.7,10.8,otoño,7404.78,124.38,7280.4,5.91
610,20.0,instalacion,3.6,1303.7,938.66,,0.2,4.0,3.0,3.0,20.0,11.3,verano,961.72,34.32,927.4,-1.2
611,483.5,ampliacion,5.8,,40398.75,arcilloso,2.3,3.0,2.0,3.0,20.0,28.8,otoño,44436.04,0.0,44600.22,10.4
612,474.0,instalacion,9.6,1463.8,66608.76,arenoso,2.9,4.0,5.0,6.0,14.2,8.3,primavera,68412.93,3662.55,64750.38,-2.79
613,347.4,ampliacion,9.7,1341.8,45215.71,arenoso,18.8,3.0,3.0,6.0,2.3,19.4,otoño,48253.11,0.0,48525.5,7.32
614,292.6,ampliacion,5.9,1491.4,25746.63,arenoso,12.3,2.0,4.0,3.0,2.3,1.4,primavera,27553.77,0.0,27690.5,7.55
615,123.3,instalacion,7.7,1365.9,12967.99,mixto,6.7,3.0,1.0,6.0,9.4,12.2,otoño,13780.57,0.0,13845.92,6.77
616,301.2,renovacion,6.2,1281.3,23927.51,mixto,9.4,2.0,4.0,5.0,6.1,35.1,primavera,24646.63,0.0,25545.01,6.76
617,71.6,ampliacion,8.3,1346.7,8003.17,arcilloso,1.6,5.0,3.0,5.0,0.8,62.3,primavera,9172.67,0.0,9178.04,14.68
618,213.7,ampliacion,3.2,1211.2,8282.67,,5.1,4.0,2.0,2.0,4.4,1.6,otoño,8281.68,0.0,8858.32,6.95
619,100.6,ampliacion,4.0,1441.2,5799.39,mixto,8.5,4.0,4.0,3.0,9.1,,primavera,5709.99,0.0,5794.75,-0.08
620,302.0,renovacion,7.3,1230.4,27125.4,mixto,,4.0,1.0,3.0,5.4,3.0,primavera,28334.79,13.16,28321.63,4.41
621,549.6,instalacion,4.6,1292.6,32679.0,mixto,6.1,3.0,4.0,,6.1,8.7,invierno,32906.03,0.0,33773.75,3.35
622,81.5,ampliacion,7.7,1369.6,8594.92,arcilloso,0.9,5.0,5.0,1.0,2.3,22.4,invierno,9196.92,0.0,9315.17,8.38
623,128.5,renovacion,5.5,1212.9,8572.17,mixto,7.2,2.0,3.0,4.0,4.3,29.6,invierno,9407.16,366.95,9040.21,5.46
624,210.7,renovacion,9.2,1223.8,23722.63,arcilloso,11.0,3.0,1.0,3.0,9.4,30.4,verano,26558.05,0.0,26749.64,12.76
625,,instalacion,8.7,1408.8,3713.74,arcilloso,1.7,1.0,3.0,5.0,4.2,1.3,verano,3900.0,0.0,4026.07,8.41
626,42.6,renovacion,6.4,1221.5,3330.3,mixto,1.8,2.0,3.0,5.0,13.4,10.5,otoño,3409.53,0.0,3484.83,4.64
627,539.0,instalacion,8.4,1343.1,3040.51,arcilloso,10.8,3.0,3.0,1.0,6.2,5.0,primavera,63276.64,0.0,65711.5,8.06
628,250.5,renovacion,,1301.6,15976.49,arcilloso,4.8,3.0,2.0,6.0,8.2,8.2,otoño,17087.39,153.91,16933.48,5.99
629,117.6,instalacion,6.5,1268.4,9695.65,arenoso,9.7,5.0,4.0,3.0,9.3,5.9,primavera,9822.67,0.0,9916.71,2.28
630,194.1,renovacion,4.4,1256.6,10731.87,arcilloso,3.6,4.0,2.0,4.0,9.0,1.4,invierno,10559.23,0.0,11113.92,3.56
631,134.2,ampliacion,9.0,1429.0,17259.46,arcilloso,3.9,3.0,3.0,,2.7,29.9,otoño,18876.99,0.0,19227.04,11.4
632,215.5,renovacion,8.8,1485.5,28171.02,mixto,4.7,3.0,3.0,4.0,3.1,4.1,verano,29370.82,106.76,29264.06,3.88
633,138.4,renovacion,9.3,1242.1,15987.32,,16.0,4.0,4.0,1.0,0.8,5.1,verano,17912.7,320.25,17592.45,10.04
634,182.6,instalacion,9.1,1487.9,24723.84,arenoso,9.1,,4.0,2.0,4.7,35.3,primavera,26259.89,0.0,26318.53,6.45
635,,ampliacion,9.7,1378.4,42932.61,mixto,2.2,2.0,5.0,3.0,2.9,1.0,verano,44959.78,0.0,45534.33,6.06
636,306.8,renovacion,4.6,1392.5,19652.07,arenoso,5.4,3.0,,1.0,4.1,15.4,otoño,21486.49,712.29,20774.2,5.71
637,519.0,instalacion,9.5,1413.0,69667.96,mixto,,3.0,4.0,2.0,5.1,25.2,verano,73043.26,0.0,74252.11,6.58
638,263.5,instalacion,7.0,1411.2,26029.58,arenoso,2.8,1.0,5.0,5.0,6.8,33.0,verano,28197.36,0.0,28257.71,8.56
639,203.6,instalacion,6.0,1445.9,17663.11,arcilloso,7.1,5.0,2.0,1.0,5.4,,primavera,18188.67,0.0,18586.89,5.23
640,570.6,renovacion,6.9,1345.0,52954.53,arcilloso,5.9,3.0,2.0,2.0,5.4,19.8,otoño,57056.58,0.0,57090.28,7.81
641,168.1,ampliacion,5.4,1360.0,12345.26,mixto,1.7,2.0,,4.0,7.7,25.1,verano,12229.02,0.0,12688.46,2.78
642,20.0,renovacion,5.0,1297.1,1297.1,arenoso,4.7,4.0,3.0,1.0,5.9,8.8,primavera,1308.53,0.0,1326.41,2.26
643,350.4,instalacion,4.7,1231.6,20282.97,mixto,2.7,4.0,4.0,2.0,11.0,3.4,invierno,19338.96,0.0,19881.37,-1.98
644,241.4,ampliacion,3.6,1399.4,12161.35,arcilloso,6.7,5.0,1.0,6.0,5.9,37.5,verano,12892.46,0.0,13331.27,9.62
645,196.4,instalacion,6.5,1210.1,15448.14,arcilloso,2.6,1.0,1.0,4.0,16.0,17.9,verano,869.631,149.41,17243.21,11.62
646,356.8,ampliacion,9.2,1282.7,42105.4,arcilloso,3.9,,4.0,6.0,2.6,10.5,invierno,45573.8,0.0,46985.42,11.59
647,139.4,instalacion,7.4,1228.3,12670.65,arenoso,2.9,1.0,5.0,3.0,4.7,1.6,verano,13500.48,170.96,13329.52,5.2
648,20.0,renovacion,6.6,1257.2,1659.5,arcilloso,15.4,3.0,2.0,4.0,3.6,15.1,invierno,1916.27,0.0,1926.18,16.07
649,361.7,ampliacion,6.0,1391.6,30200.5,arenoso,4.7,3.0,2.0,2.0,7.0,0.1,otoño,31136.86,0.0,31203.16,3.32
650,114.0,instalacion,6.3,1388.5,9972.21,,15.8,3.0,3.0,3.0,2.6,10.4,otoño,10510.77,144.66,10366.11,3.95
651,263.5,instalacion,7.0,1411.2,26029.58,arenoso,2.8,1.0,5.0,5.0,6.8,33.0,verano,28197.36,0.0,28257.71,8.56
653,109.2,instalacion,3.8,1333.8,5534.74,mixto,8.5,4.0,3.0,1.0,15.2,5.7,invierno,5505.35,0.0,5573.48,0.7
654,311.3,instalacion,,1377.7,18441.75,mixto,2.8,1.0,2.0,6.0,10.8,11.6,primavera,17897.84,0.0,18548.71,0.58
655,119.4,renovacion,3.4,,5654.21,mixto,7.8,5.0,3.0,1.0,16.0,5.0,primavera,5931.96,329.77,5602.19,-0.92
656,446.2,renovacion,8.8,1237.1,48575.47,arenoso,0.9,5.0,3.0,4.0,11.0,1.6,otoño,48297.65,,49202.09,1.29
658,165.3,renovacion,3.8,1452.3,9122.48,arenoso,2.0,2.0,4.0,1.0,4.4,17.6,primavera,9331.89,0.0,9469.13,3.8
